,baseline_forecast,cev_forecast,rf_forecast,xgb_forecast,actual_future_vol
2023-01-03,0.18485780418893621,0.1390203811006499,0.18372033718552785,0.16896135,0.16515055650010843
2023-01-04,0.17960424279627507,0.1251888960141666,0.18402432409592087,0.17097196,0.16896879752301058
2023-01-05,0.1770526736482394,0.14213856266547306,0.1727908421586169,0.1602446,0.16801747846844015
2023-01-06,0.19696172236324708,0.1138800781347415,0.17144212414220708,0.17517388,0.15666319702131404
2023-01-09,0.1945522344428584,0.11734366320075672,0.1856217644926572,0.1962527,0.16023631225488746
2023-01-10,0.194771865647606,0.10150137309918107,0.18576656300060884,0.19561121,0.16745420322142118
2023-01-11,0.1931484087999105,0.08528395266042772,0.1858921300695058,0.18940155,0.16752628995423097
2023-01-12,0.19156214317150372,0.0828073338366282,0.1858921300695058,0.19070023,0.16736387193225166
2023-01-13,0.19075552847550561,0.07690219281627259,0.18502539684032118,0.19437449,0.1711526245713686
2023-01-17,0.1669672575813138,0.07729056091853663,0.18571023809431228,0.19834124,0.17083864143789376
2023-01-18,0.1717283294534476,0.09617197390302182,0.1734275014127711,0.18009153,0.1574499342783114
2023-01-19,0.17088550661793928,0.11091942434848907,0.1693604009716461,0.17114832,0.16458823256943025
2023-01-20,0.18164130098675002,0.0832709948399851,0.16974583492346473,0.15911677,0.1540545122479945
2023-01-23,0.17918107530288999,0.07044983272290219,0.17873959301128076,0.18067573,0.1667799178223614
2023-01-24,0.16917475692847797,0.07362579144408361,0.18065433376928072,0.2025992,0.16680484566502457
2023-01-25,0.16888275572806039,0.06856353901780117,0.17655468405076558,0.18309988,0.16794756288425355
2023-01-26,0.16992033675044177,0.05118638517603763,0.17673538745960174,0.18524873,0.16692061688220483
2023-01-27,0.15986485146813012,0.05170646945944031,0.17675362542163156,0.183539,0.16725961042306198
2023-01-30,0.16072811295769746,0.06346290173212799,0.17619583492150592,0.1782018,0.16194010996555147
2023-01-31,0.1654385162531256,0.053440262739614657,0.17152346600289364,0.1677179,0.1519983038905142
2023-02-01,0.16515055650010843,0.04759877945820086,0.1715200410593929,0.16870724,0.14933873429915495
2023-02-02,0.16896879752301058,0.04196074468210467,0.17133876520747085,0.16525729,0.15149366237629744
2023-02-03,0.16801747846844015,0.055469052039969005,0.17543308272789612,0.18674418,0.14771340428049512
2023-02-06,0.15666319702131404,0.06582947952102643,0.1741439603602038,0.18266243,0.15553028317017173
2023-02-07,0.16023631225488746,0.06176944330988851,0.1655188477734958,0.15444373,0.1465222457889088
2023-02-08,0.16745420322142118,0.0809884668125208,0.17246740561570703,0.16959487,0.15499008805514564
2023-02-09,0.16752628995423097,0.08838988689171463,0.1729468455432813,0.17192489,0.15946113694246666
2023-02-10,0.16736387193225166,0.08930342483043126,0.1704462974365466,0.16962992,0.15845231130730308
2023-02-13,0.1711526245713686,0.08202055751093151,0.17012156823480037,0.17266695,0.16495232546739536
2023-02-14,0.17083864143789376,0.08523772867247924,0.17078254731824663,0.17025732,0.16523195114734418
2023-02-15,0.1574499342783114,0.07219960596228266,0.1705414063946509,0.16533639,0.17926362714424524
2023-02-16,0.16458823256943025,0.07711376544404752,0.17186503796966668,0.165238,0.1775972625592206
2023-02-17,0.1540545122479945,0.08298427031593333,0.17259150019941616,0.17046694,0.1823418808918189
2023-02-21,0.1667799178223614,0.08952035253658262,0.1534149895246394,0.14001639,0.17506111794417936
2023-02-22,0.16680484566502457,0.09252838272243313,0.17032757444300867,0.16617997,0.18559780960422914
2023-02-23,0.16794756288425355,0.09359522111128377,0.173654644911545,0.17496192,0.18472231624346547
2023-02-24,0.16692061688220483,0.09595003121915367,0.17353198511445225,0.17380185,0.1825020694641629
2023-02-27,0.16725961042306198,0.09763612077829717,0.17342951706766147,0.17338839,0.1822166779575023
2023-02-28,0.16194010996555147,0.09556580154419646,0.1740334572645329,0.17231284,0.18189372027364076
2023-03-01,0.1519983038905142,0.09912405183224786,0.17265267058944142,0.16810586,0.1880901457268712
2023-03-02,0.14933873429915495,0.09900226392084888,0.15276799201324986,0.13679647,0.18730515638192005
2023-03-03,0.15149366237629744,0.0931518569575594,0.1506559946481863,0.14035572,0.18538693545333487
2023-03-06,0.14771340428049512,0.09316699898393221,0.14649861161353467,0.13706717,0.18568507795971118
2023-03-07,0.15553028317017173,0.09528127355958999,0.14722391582208638,0.13588801,0.17720493304726145
2023-03-08,0.1465222457889088,0.09622616939844164,0.16629534469067422,0.14733872,0.17779866691448287
2023-03-09,0.15499008805514564,0.10032305605071837,0.14338718859124783,0.12530524,0.16162048751597818
2023-03-10,0.15946113694246666,0.10511243370436367,0.1651476007984107,0.14733872,0.1489466739102357
2023-03-13,0.15845231130730308,0.10749740666541976,0.1715567711460348,0.1622197,0.14837336921188585
2023-03-14,0.16495232546739536,0.0976139023444272,0.1690492751344736,0.16688643,0.14198970103271205
2023-03-15,0.16523195114734418,0.09963305014978241,0.16605557046813235,0.16240308,0.14333369835488913
2023-03-16,0.17926362714424524,0.0932261894342353,0.16607685267388622,0.16936478,0.13430215303476556
2023-03-17,0.1775972625592206,0.09804217211397517,0.17265267181232674,0.18758318,0.12375679701982095
2023-03-20,0.1823418808918189,0.09955228967041004,0.16450076021272464,0.16186821,0.12148646457729823
2023-03-21,0.17506111794417936,0.09343875408395351,0.1730124723483954,0.18647477,0.11521599554613976
2023-03-22,0.18559780960422914,0.10017240407660952,0.16463556563551565,0.1607598,0.09527564957945318
2023-03-23,0.18472231624346547,0.1013504731721542,0.18235751518428414,0.18110749,0.09545570485525265
2023-03-24,0.1825020694641629,0.09840362322597547,0.18264687769606294,0.17979977,0.0942521543071548
2023-03-27,0.1822166779575023,0.09682329129548985,0.17232545445274774,0.1716391,0.11406695506033485
2023-03-28,0.18189372027364076,0.0937751102754814,0.17489958584075102,0.17033137,0.11508219284053452
2023-03-29,0.1880901457268712,0.08998763508309607,0.17504308190201592,0.17995778,0.1243540665256682
2023-03-30,0.18730515638192005,0.08928116953407661,0.18532615779838418,0.20194125,0.12597335122626035
2023-03-31,0.18538693545333487,0.08487992281803647,0.18273838567198253,0.17922933,0.11717243260405069
2023-04-03,0.18568507795971118,0.08803464794608065,0.1867857141768357,0.19856635,0.12400760510986286
2023-04-04,0.17720493304726145,0.09225015083881716,0.1840121558558873,0.18191345,0.12487951945722696
2023-04-05,0.17779866691448287,0.08927049337800634,0.17285142526238648,0.1897932,0.12708677939589064
2023-04-06,0.16162048751597818,0.08544777475419152,0.17249629431709382,0.1897932,0.14279639251639153
2023-04-10,0.1489466739102357,0.08473110419071422,0.17273376503826351,0.17869453,0.1427789997317031
2023-04-11,0.14837336921188585,0.07897211726171087,0.1471930695515745,0.14356604,0.14378366248871524
2023-04-12,0.14198970103271205,0.07264671993805476,0.14657567099034916,0.13750702,0.14372121208451133
2023-04-13,0.14333369835488913,0.0647994416271847,0.119633547652907,0.123669796,0.13590667606898596
2023-04-14,0.13430215303476556,0.06896931367584493,0.12414517741192545,0.12352508,0.13571341038179252
2023-04-17,0.12375679701982095,0.06495107812120834,0.1332367730036889,0.1480534,0.135664710532292
2023-04-18,0.12148646457729823,0.06601495194586376,0.10667743333764217,0.09787378,0.13761434706106015
2023-04-19,0.11521599554613976,0.05988014870527458,0.10740959015460125,0.090766944,0.144654396249815
2023-04-20,0.09527564957945318,0.055285374815195035,0.10775649650519323,0.09197044,0.1467784815165296
2023-04-21,0.09545570485525265,0.0572700639599502,0.11431150900337796,0.14799395,0.14701403285312106
2023-04-24,0.0942521543071548,0.05282103387397871,0.11487283950715915,0.102781,0.1470158985765677
2023-04-25,0.11406695506033485,0.06606493135936506,0.117265682391546,0.11176783,0.1407118695142588
2023-04-26,0.11508219284053452,0.07177595673063414,0.11092276671129421,0.10799584,0.14259878889600336
2023-04-27,0.1243540665256682,0.05324572261225872,0.11243029745379024,0.10758611,0.12778088230565263
2023-04-28,0.12597335122626035,0.047669467998804275,0.1545071039541175,0.19016762,0.1323701278628405
2023-05-01,0.11717243260405069,0.04804869390184711,0.14865097589496443,0.147943,0.13225314710519406
2023-05-02,0.12400760510986286,0.051570070857670715,0.1456362901006398,0.13550611,0.126884150677028
2023-05-03,0.12487951945722696,0.05959476100357367,0.13020948639558388,0.12007417,0.1269348201677307
2023-05-04,0.12708677939589064,0.06603844842401257,0.10993789751452927,0.08377988,0.1300916270294739
2023-05-05,0.14279639251639153,0.04770946555653443,0.11255964012680275,0.084402084,0.11708250434623961
2023-05-08,0.1427789997317031,0.04773829376414587,0.12578741953025946,0.096238084,0.11696344596337464
2023-05-09,0.14378366248871524,0.04799063168990397,0.12373299709223763,0.09419461,0.11635236036991072
2023-05-10,0.14372121208451133,0.04345157518895954,0.12348676818773528,0.09650921,0.11688880927663278
2023-05-11,0.13590667606898596,0.04841423570119092,0.1282648543087911,0.12461702,0.11608363154956484
2023-05-12,0.13571341038179252,0.04860660763134601,0.3039675585260655,0.17558703,0.11783198034222268
2023-05-15,0.135664710532292,0.04196531126583679,0.3517907519365106,0.16629241,0.11863929931481473
2023-05-16,0.13761434706106015,0.04854690057336662,0.3467202100167344,0.1856373,0.11346080582049403
2023-05-17,0.144654396249815,0.038368952024041086,0.1003624348550335,0.1790264,0.11372926220600696
2023-05-18,0.1467784815165296,0.033602891400381585,0.15000972686267908,0.23682068,0.11339407798655698
2023-05-19,0.14701403285312106,0.03693490882657431,0.17525618616604347,0.21321239,0.11589704759129811
2023-05-22,0.1470158985765677,0.035664810758103266,0.17583409012226034,0.21321239,0.11876775951569855
2023-05-23,0.1407118695142588,0.04063570599228623,0.11900493879885436,0.21796963,0.10780087735980949
2023-05-24,0.14259878889600336,0.04999159895925198,0.1020690866200628,0.09157113,0.1082005517594448
2023-05-25,0.12778088230565263,0.04376040776107558,0.11408951916290569,0.1592385,0.1085485683161307
2023-05-26,0.1323701278628405,0.03549512978256523,0.1644368021097292,0.15407588,0.1061797558739939
2023-05-30,0.13225314710519406,0.037815267087607476,0.16971549545943443,0.16025634,0.10615460049302727
2023-05-31,0.126884150677028,0.03877501167264088,0.1136030396551466,0.18647514,0.10237580829328169
2023-06-01,0.1269348201677307,0.03377076550564062,0.10848144314070829,0.08922171,0.1047031661468181
2023-06-02,0.1300916270294739,0.0274353533544315,0.1151795298795516,0.10784849,0.09520897912692758
2023-06-05,0.11708250434623961,0.0326925176653088,0.12262867609446905,0.12462103,0.09498596457200972
2023-06-06,0.11696344596337464,0.03236713510011452,0.11165014658803755,0.11444882,0.1012537376996098
2023-06-07,0.11635236036991072,0.03028761302539608,0.10533129784098619,0.101473406,0.1006951387856307
2023-06-08,0.11688880927663278,0.029406663447631418,0.11054675169873475,0.103575535,0.09939786577206394
2023-06-09,0.11608363154956484,0.030489234683515002,0.15244015383787024,0.1415085,0.10094155957965413
2023-06-12,0.11783198034222268,0.02779608146548934,0.1508401903691421,0.14327013,0.10001181833257211
2023-06-13,0.11863929931481473,0.03083200266462068,0.1529226651769785,0.14327013,0.10100330761326097
2023-06-14,0.11346080582049403,0.036022597160704904,0.150061165307758,0.13240477,0.10131523721427194
2023-06-15,0.11372926220600696,0.03176820712289872,0.145409374463717,0.13240477,0.09339592922973344
2023-06-16,0.11339407798655698,0.043701013631203434,0.1522291264186839,0.17174445,0.09433947121431509
2023-06-20,0.11589704759129811,0.04422462804471309,0.13107547137642758,0.116413034,0.09080438040165771
2023-06-21,0.11876775951569855,0.049504830834592846,0.1332809881045461,0.1143041,0.09253641870488087
2023-06-22,0.10780087735980949,0.049183917580628976,0.13461850698465386,0.112678535,0.09256318866933375
2023-06-23,0.1082005517594448,0.04956664171784339,0.12976909904774014,0.11235212,0.08606919091286755
2023-06-26,0.1085485683161307,0.05615282997058628,0.12885626463693683,0.11187807,0.08261559266886799
2023-06-27,0.1061797558739939,0.056956042663153315,0.13327268933803643,0.13357286,0.0770974667453865
2023-06-28,0.10615460049302727,0.06345515680116291,0.15071714917421858,0.13363008,0.08309849248839318
2023-06-29,0.10237580829328169,0.05473423765876648,0.12645468751975197,0.12337579,0.08750750276731174
2023-06-30,0.1047031661468181,0.05542410888023598,0.13225746986108894,0.13321015,0.07977545347757556
2023-07-03,0.09520897912692758,0.06114242245032426,0.13102442429172043,0.1289315,0.08134103831828794
2023-07-05,0.09498596457200972,0.0547402876853376,0.13419796805951015,0.1280129,0.0977440702508908
2023-07-06,0.1012537376996098,0.050670372424002776,0.14873215376630974,0.14837015,0.09339783038028518
2023-07-07,0.1006951387856307,0.05280617841934463,0.1288499072965579,0.13009553,0.09467437846631196
2023-07-10,0.09939786577206394,0.051634596412676384,0.12845032157084696,0.13009553,0.098501525476569
2023-07-11,0.10094155957965413,0.05101144282273824,0.12951477287690666,0.12617642,0.09847047583830441
2023-07-12,0.10001181833257211,0.0520552383969781,0.12780422977337066,0.12911353,0.0978432229568034
2023-07-13,0.10100330761326097,0.05465669551758526,0.12747254480612594,0.12757769,0.0932859957982883
2023-07-14,0.10131523721427194,0.05724301949459281,0.11838193445392413,0.12200156,0.09328488865373852
2023-07-17,0.09339592922973344,0.04757446493088748,0.12568260632076209,0.13010858,0.09467744871351827
2023-07-18,0.09433947121431509,0.04667991546688701,0.10361456975037911,0.10219008,0.09829257659601677
2023-07-19,0.09080438040165771,0.04806611592379103,0.10355885372163444,0.10340651,0.09967024587963084
2023-07-20,0.09253641870488087,0.0471412477437465,0.10761397822857674,0.1148142,0.10037955007763087
2023-07-21,0.09256318866933375,0.050963173930386366,0.10837989085412149,0.1148142,0.10050776250718942
2023-07-24,0.08606919091286755,0.0497775135555994,0.1078007013098468,0.10572041,0.10241233697530121
2023-07-25,0.08261559266886799,0.05313532003529435,0.10724388835710442,0.114021115,0.10113213890043657
2023-07-26,0.0770974667453865,0.05300047019666644,0.10592701512234523,0.105798855,0.11106792070450619
2023-07-27,0.08309849248839318,0.04383030850957574,0.10114717707446497,0.09941622,0.11843959066242928
2023-07-28,0.08750750276731174,0.04458475357134255,0.10731580689719342,0.11409956,0.11529174822545525
2023-07-31,0.07977545347757556,0.047956907222777206,0.10303444166364024,0.102467835,0.11824870208392077
2023-08-01,0.08134103831828794,0.04761868207995461,0.10320750985164782,0.105169706,0.1310392064442288
2023-08-02,0.0977440702508908,0.051417799101694556,0.10806719432475403,0.10409446,0.1223251637110963
2023-08-03,0.09339783038028518,0.05405094018474902,0.10390587312265821,0.1088933,0.12197417293185718
2023-08-04,0.09467437846631196,0.05451492226117274,0.10328611315609042,0.102467835,0.12081215058663122
2023-08-07,0.098501525476569,0.05358282686297799,0.10754757043552193,0.1106256,0.11789256165628333
2023-08-08,0.09847047583830441,0.05538727328179254,0.10960868454124288,0.12277691,0.11931474405059463
2023-08-09,0.0978432229568034,0.0568096812534489,0.10371773330143565,0.10953495,0.11740182808389193
2023-08-10,0.0932859957982883,0.05764246791869389,0.10503826130262285,0.10695136,0.11753179137892805
2023-08-11,0.09328488865373852,0.054679460223602365,0.10319100909385807,0.102467835,0.11980660784644141
2023-08-14,0.09467744871351827,0.051304551501616315,0.10503328595764617,0.111774005,0.11985050885252747
2023-08-15,0.09829257659601677,0.05459776548983129,0.10591189904691323,0.11114846,0.11194699992354397
2023-08-16,0.09967024587963084,0.05838104586204039,0.10340989662541325,0.10006839,0.11157664568777627
2023-08-17,0.10037955007763087,0.0645554286576819,0.10308671120270632,0.10195023,0.1172675286513903
2023-08-18,0.10050776250718942,0.06398580619609733,0.1031554816030276,0.10195023,0.11726219127480093
2023-08-21,0.10241233697530121,0.059103440203174214,0.10376211960225101,0.10535776,0.11586675798512543
2023-08-22,0.10113213890043657,0.059738073683434714,0.10507159597899768,0.10660464,0.12052936580739622
2023-08-23,0.11106792070450619,0.05631387062982387,0.10497054829857512,0.10308638,0.12745415935041232
2023-08-24,0.11843959066242928,0.06422310935268001,0.1063241714698972,0.10297264,0.11830619738631315
2023-08-25,0.11529174822545525,0.06267180177495023,0.109661938444244,0.10184702,0.11630695314122742
2023-08-28,0.11824870208392077,0.060376092980394036,0.10644559732834495,0.10282914,0.12332155485607128
2023-08-29,0.1310392064442288,0.05744102006448905,0.11069890518921006,0.10075826,0.10814510977682981
2023-08-30,0.1223251637110963,0.05738413880998227,0.12109033167592713,0.11742455,0.1096443748674928
2023-08-31,0.12197417293185718,0.05722619722061603,0.11319571007582047,0.10581245,0.10959083169713166
2023-09-01,0.12081215058663122,0.05456845889695084,0.1131247365711448,0.10466089,0.10870621191223034
2023-09-05,0.11789256165628333,0.05544125609733931,0.12381661759978452,0.12167057,0.11534584386028529
2023-09-06,0.11931474405059463,0.05900536919295679,0.11193468702109369,0.114002265,0.11993180698995265
2023-09-07,0.11740182808389193,0.061059583216934346,0.13388715343496127,0.11574586,0.12008293455426795
2023-09-08,0.11753179137892805,0.059864703925410594,0.15010000727263126,0.12944527,0.1294554001578266
2023-09-11,0.11980660784644141,0.056418105598940234,0.13032835944414473,0.14778785,0.12931100394294895
2023-09-12,0.11985050885252747,0.05926036533320512,0.14861523358668005,0.14615512,0.1306603964070988
2023-09-13,0.11194699992354397,0.05935225765737303,0.17299389023334125,0.18029167,0.13174704927023334
2023-09-14,0.11157664568777627,0.0542023842356938,0.1455257583654956,0.13550611,0.12787057489664522
2023-09-15,0.1172675286513903,0.060276992976542064,0.14549448298040432,0.13665767,0.12256881279848089
2023-09-18,0.11726219127480093,0.06150596944621569,0.15260919917336524,0.17155142,0.12946968767767233
2023-09-19,0.11586675798512543,0.0595515183270457,0.13878108145357107,0.15493472,0.1294179474021256
2023-09-20,0.12052936580739622,0.06212435073085006,0.14997126542391942,0.14897664,0.13382182872917162
2023-09-21,0.12745415935041232,0.06270181053138685,0.13861076779814213,0.127085,0.12417036666652438
2023-09-22,0.11830619738631315,0.08456488183629617,0.1365557476519279,0.14562577,0.13097973924548523
2023-09-25,0.11630695314122742,0.07554637267276397,0.1586700271839946,0.15707569,0.1294919851073134
2023-09-26,0.12332155485607128,0.07574533424681017,0.15007693712692288,0.15707569,0.12287401749195753
2023-09-27,0.10814510977682981,0.09173497249872324,0.131956701579727,0.15518351,0.1327287384134971
2023-09-28,0.1096443748674928,0.0630536544510137,0.12969080337737007,0.09714006,0.13568825603350926
2023-09-29,0.10959083169713166,0.06470836682988768,0.13420927686228798,0.11753865,0.1360048566683251
2023-10-02,0.10870621191223034,0.06280122304436118,0.13098778011495657,0.1163871,0.14464345754342342
2023-10-03,0.11534584386028529,0.04885584294249437,0.12953442610582236,0.09488221,0.13965128886888417
2023-10-04,0.11993180698995265,0.056576122582692706,0.1464901900379133,0.15793091,0.1425669256787679
2023-10-05,0.12008293455426795,0.060349777041949264,0.15372611009311402,0.15149619,0.15803665324306854
2023-10-06,0.1294554001578266,0.05027737194570824,0.1545654496287766,0.15625799,0.15578762801454435
2023-10-09,0.12931100394294895,0.0560501325755489,0.13312218305547288,0.1309858,0.15444463701199457
2023-10-10,0.1306603964070988,0.05804427806162574,0.14685702986626428,0.14316383,0.15369969232192757
2023-10-11,0.13174704927023334,0.05867371388519429,0.13610673217451916,0.15174958,0.15305553488269494
2023-10-12,0.12787057489664522,0.05851630845425208,0.13541992526247615,0.15240385,0.15409711395167555
2023-10-13,0.12256881279848089,0.05916616394709924,0.13478985986074524,0.11415864,0.16219076400237242
2023-10-16,0.12946968767767233,0.059907233946235226,0.13224732007436793,0.11076807,0.15841373761634492
2023-10-17,0.1294179474021256,0.06145519360974009,0.13717090220913447,0.12429536,0.17176701925964427
2023-10-18,0.13382182872917162,0.054976126391275464,0.1570834729475621,0.17486848,0.1625571319114472
2023-10-19,0.12417036666652438,0.05196965757211999,0.2885805306070558,0.24230348,0.157336536584643
2023-10-20,0.13097973924548523,0.052290330861269614,0.15073817747376012,0.13547999,0.1471216098634125
2023-10-23,0.1294919851073134,0.05870431666889265,0.15495472332484633,0.1328093,0.1465574917371039
2023-10-24,0.12287401749195753,0.05412942641059309,0.16219223118435344,0.17744368,0.14739641113254723
2023-10-25,0.1327287384134971,0.05400751894674273,0.16775007343761056,0.24014437,0.13147751246058076
2023-10-26,0.13568825603350926,0.06585573714961727,0.15009191344644132,0.14058323,0.117545326904389
2023-10-27,0.1360048566683251,0.0751343409691906,0.2869037827820573,0.23481795,0.11499098023681673
2023-10-30,0.14464345754342342,0.07301543574227379,0.2296066544776149,0.20912032,0.11290785645614096
2023-10-31,0.13965128886888417,0.07954424011825774,0.13725523322088026,0.12886016,0.11418478012486277
2023-11-01,0.1425669256787679,0.07653816162505292,0.14734794348584598,0.21596305,0.11162561903861748
2023-11-02,0.15803665324306854,0.06998735001101009,0.15063575656116,0.23338449,0.09675514463288808
2023-11-03,0.15578762801454435,0.06989795622390055,0.2367850596705226,0.33824384,0.09854361863821286
2023-11-06,0.15444463701199457,0.07222466089334613,0.14644789849482864,0.13030292,0.09899782070879129
2023-11-07,0.15369969232192757,0.06984635396139152,0.14131692455778685,0.13621286,0.10151877983431486
2023-11-08,0.15305553488269494,0.06716437092664675,0.14534089721024895,0.1697963,0.1032938676481861
2023-11-09,0.15409711395167555,0.06794314230749846,0.14706898200887322,0.18700375,0.09617693403602989
2023-11-10,0.16219076400237242,0.06052787222785846,0.14706898200887322,0.18705541,0.08419196504964606
2023-11-13,0.15841373761634492,0.06483994635252852,0.16323137228598553,0.1596839,0.08357738314948812
2023-11-14,0.17176701925964427,0.05322699795674171,0.16317350691050386,0.15928093,0.0703065288083965
2023-11-15,0.1625571319114472,0.05591652460607874,0.1641322602935454,0.15832548,0.07036069636166069
2023-11-16,0.157336536584643,0.05262927407666165,0.16917609550648882,0.16688643,0.07173468510589967
2023-11-17,0.1471216098634125,0.04693751538667653,0.16682405845469345,0.15214875,0.07256727790973241
2023-11-20,0.1465574917371039,0.0407554055256755,0.13247893462945576,0.121943764,0.07126210753670856
2023-11-21,0.14739641113254723,0.04373835903371067,0.12230658371661983,0.113977075,0.09088904101140065
2023-11-22,0.13147751246058076,0.03951916147911218,0.13631407059005746,0.13359304,0.0946229431686649
2023-11-24,0.117545326904389,0.03964624322672664,0.1117528766496249,0.11195068,0.0944604700105853
2023-11-27,0.11499098023681673,0.038047780824688245,0.1100729702870071,0.09886633,0.09350713719137932
2023-11-28,0.11290785645614096,0.03771146965617333,0.11000172828163622,0.09886633,0.09337948131542997
2023-11-29,0.11418478012486277,0.03506490505328115,0.10784036935653697,0.0928277,0.09296235816711003
2023-11-30,0.11162561903861748,0.029556823789030552,0.11175029438991302,0.117322415,0.09478358091579041
2023-12-01,0.09675514463288808,0.028324857013526966,0.1121696571967992,0.11149822,0.09764168137315155
2023-12-04,0.09854361863821286,0.033557391227612254,0.1131085232635346,0.10635724,0.10090426136175305
2023-12-05,0.09899782070879129,0.03497026459605003,0.11336575194968544,0.1091134,0.10214914935489422
2023-12-06,0.10151877983431486,0.031195603849288225,0.11336575194968544,0.10805855,0.10014408315775777
2023-12-07,0.1032938676481861,0.03021918699581628,0.15446260506799744,0.1734025,0.10777204171870912
2023-12-08,0.09617693403602989,0.02955269801946087,0.13857446048907873,0.14981367,0.10807639392429044
2023-12-11,0.08419196504964606,0.027627239910062554,0.1331451426097259,0.12618677,0.10873225170057671
2023-12-12,0.08357738314948812,0.02904034965836943,0.13411751789053164,0.1274897,0.10847090835310962
2023-12-13,0.0703065288083965,0.027026428274491757,0.13419202459701168,0.12852785,0.09844493227746212
2023-12-14,0.07036069636166069,0.030043825921935597,0.11881049799825183,0.10279283,0.09929375533208606
2023-12-15,0.07173468510589967,0.03109788421931249,0.09658723547747353,0.07196496,0.1013820032452911
2023-12-18,0.07256727790973241,0.02916853718621007,0.0977643463920419,0.090364665,0.10424285178819478
2023-12-19,0.07126210753670856,0.030443962137118204,0.09901371585559,0.094722316,0.110943028145217
2023-12-20,0.09088904101140065,0.03690110025367744,0.09859015464003375,0.085510045,0.09631120184183244
2023-12-21,0.0946229431686649,0.039274514282570616,0.12307242345806436,0.113526896,0.09195188600822315
2023-12-22,0.0944604700105853,0.042466177025339405,0.10523635629271923,0.09735453,0.09191188687711055
2023-12-26,0.09350713719137932,0.04045547360562543,0.10931697103709839,0.117195554,0.09253244737325622
2023-12-27,0.09337948131542997,0.04034733580523526,0.10717957107948493,0.105016835,0.0929462657473405
2023-12-28,0.09296235816711003,0.03970719579335868,0.10168482478259358,0.099297546,0.09591506611338194
2023-12-29,0.09478358091579041,0.03592347921186459,0.10160707532565248,0.099297546,0.09491177602625937
2024-01-02,0.09764168137315155,0.03685503473801431,0.10328909168656286,0.10772638,0.11209888638991533
2024-01-03,0.10090426136175305,0.041384045191177075,0.106608723924192,0.12386339,0.11409018620464488
2024-01-04,0.10214914935489422,0.044526375023968646,0.109123306967269,0.11824829,0.1159067039611026
2024-01-05,0.10014408315775777,0.044391760536844356,0.10459221930204776,0.10496822,0.11808480083136708
2024-01-08,0.10777204171870912,0.03941776219346815,0.10307773214608648,0.10195023,0.10987886622320026
2024-01-09,0.10807639392429044,0.04244506124887512,0.10564065758728841,0.09823929,0.11123072234390761
2024-01-10,0.10873225170057671,0.04000090343954803,0.10587159095418108,0.099032365,0.1108095848319443
2024-01-11,0.10847090835310962,0.04165613025402368,0.10612394087302178,0.099032365,0.11101247985133235
2024-01-12,0.09844493227746212,0.03832632084953958,0.10578390119036568,0.09823929,0.11133478326379247
2024-01-16,0.09929375533208606,0.03739928102940448,0.10338978471661343,0.10293235,0.12397693475405876
2024-01-17,0.1013820032452911,0.039837852212608355,0.10392001930989171,0.10105051,0.12302568038475645
2024-01-18,0.10424285178819478,0.038773975480098075,0.10956399168755468,0.11605671,0.12191066128504151
2024-01-19,0.110943028145217,0.03632653187745608,0.11890698609913393,0.1152963,0.1189934166519661
2024-01-22,0.09631120184183244,0.03856549133304292,0.10935515059939765,0.10697453,0.12172950284040795
2024-01-23,0.09195188600822315,0.03846129665635803,0.1282699606156201,0.12508342,0.12159799029959259
2024-01-24,0.09191188687711055,0.039544730907794055,0.1289906267639769,0.12734598,0.13942453902253393
2024-01-25,0.09253244737325622,0.03626048648506658,0.12903091430208952,0.1269267,0.13899691869990438
2024-01-26,0.0929462657473405,0.0396783848455058,0.12923257193345106,0.12305162,0.14000026377681013
2024-01-29,0.09591506611338194,0.03708859557421524,0.10352025726072099,0.099836685,0.13818703689086131
2024-01-30,0.09491177602625937,0.04201336672458693,0.10553977583414173,0.1042508,0.13832406642438244
2024-01-31,0.11209888638991533,0.043935395005287155,0.1080447127403733,0.11339557,0.12094903408065863
2024-02-01,0.11409018620464488,0.049825130455772415,0.12184921669095741,0.12457384,0.1173974771366789
2024-02-02,0.1159067039611026,0.05344437169455214,0.12674727515973125,0.1297724,0.11391842425566953
2024-02-05,0.11808480083136708,0.05707321086922756,0.1058369220147349,0.09730936,0.12006031985430665
2024-02-06,0.10987886622320026,0.05390484382991798,0.10727386912174351,0.10184702,0.12064448625326203
2024-02-07,0.11123072234390761,0.056305116891427136,0.10580398320000846,0.09956728,0.12193029654766392
2024-02-08,0.1108095848319443,0.0676238353649254,0.10586280959631615,0.093591325,0.12490092078799571
2024-02-09,0.11101247985133235,0.05400576155866982,0.10586280959631615,0.093591325,0.1239903081570331
2024-02-12,0.11133478326379247,0.06360139233163921,0.10552725167670078,0.090205215,0.1285031823354002
2024-02-13,0.12397693475405876,0.05144713636999139,0.1065350711888743,0.1062317,0.11570545150063984
2024-02-14,0.12302568038475645,0.05625595370593564,0.12944233738956773,0.12661095,0.11361133364539115
2024-02-15,0.12191066128504151,0.05871334055043192,0.12997582986300418,0.12661095,0.11564893090175792
2024-02-16,0.1189934166519661,0.06255305562889055,0.13279318577342056,0.12661095,0.11472578640059397
2024-02-20,0.12172950284040795,0.061832089346560724,0.13967584225237017,0.14739801,0.11247869144346899
2024-02-21,0.12159799029959259,0.06367149023591133,0.13261156665998985,0.11353643,0.11520755580371027
2024-02-22,0.13942453902253393,0.059535956635309945,0.13262221351514553,0.11353643,0.09364448369271351
2024-02-23,0.13899691869990438,0.06520330283587038,0.1199611735414169,0.10985687,0.09441893565861331
2024-02-26,0.14000026377681013,0.05393159778462465,0.1210094104078032,0.11939471,0.09382191912353602
2024-02-27,0.13818703689086131,0.05098681060699515,0.1199611735414169,0.10985687,0.09455350514139237
2024-02-28,0.13832406642438244,0.04924769975918134,0.12270138217214677,0.12520394,0.09719138458237768
2024-02-29,0.12094903408065863,0.04673763805033266,0.0988448398112424,0.091748975,0.09719380225578793
2024-03-01,0.1173974771366789,0.046714807832080645,0.15186231638487274,0.115112245,0.09338296654747114
2024-03-04,0.11391842425566953,0.0443763019908971,0.15261063170605235,0.13894561,0.09682166283779857
2024-03-05,0.12006031985430665,0.04325256638254611,0.1507940014688434,0.11096547,0.0879583302574785
2024-03-06,0.12064448625326203,0.04699325645592438,0.15491785381653816,0.115112245,0.09908666937719067
2024-03-07,0.12193029654766392,0.046789625107120696,0.10944979794391035,0.114507556,0.09974921290199874
2024-03-08,0.12490092078799571,0.051207313291259396,0.10847054846595244,0.10926323,0.09672853446120143
2024-03-11,0.1239903081570331,0.05375512982836353,0.10786104884385779,0.10926323,0.09652457190025408
2024-03-12,0.1285031823354002,0.050645980924702814,0.1081028983005775,0.13016447,0.09680381205994243
2024-03-13,0.11570545150063984,0.0545922342937279,0.11044930548186964,0.13078669,0.10029027926705276
2024-03-14,0.11361133364539115,0.050976467498718314,0.14799150269605288,0.12776285,0.1121847642351459
2024-03-15,0.11564893090175792,0.05062096973762423,0.13419919971433875,0.09944307,0.11834308072162725
2024-03-18,0.11472578640059397,0.052633016338747965,0.12767471420422666,0.0956827,0.11590806726017093
2024-03-19,0.11247869144346899,0.054933295875857255,0.15317478715061963,0.14475708,0.11457666266897093
2024-03-20,0.11520755580371027,0.05866551936969779,0.14539268316855938,0.15707569,0.10737692228396856
2024-03-21,0.09364448369271351,0.06192863738259877,0.14517055289467032,0.13550611,0.10793705758220631
2024-03-22,0.09441893565861331,0.06139391021388615,0.1417297065271429,0.13527931,0.11582863405393883
2024-03-25,0.09382191912353602,0.05764574673170742,0.1417297065271429,0.13728884,0.12582987422593714
2024-03-26,0.09455350514139237,0.054912487894604296,0.14110360969101585,0.14494857,0.1258560856107023
2024-03-27,0.09719138458237768,0.05217913008466347,0.13330211630934963,0.11542094,0.12075654066538091
2024-03-28,0.09719380225578793,0.05544427307171116,0.13312918690481274,0.12788808,0.12723522191100683
2024-04-01,0.09338296654747114,0.04764178578438574,0.1359879646184575,0.12788808,0.1284401577255497
2024-04-02,0.09682166283779857,0.04682281006859372,0.1330106519218526,0.12765637,0.13776771709049518
2024-04-03,0.0879583302574785,0.04696857039861102,0.1321694300138605,0.12788808,0.13748128208527333
2024-04-04,0.09908666937719067,0.04831484465221459,0.13465420875056067,0.12765637,0.1371556838879332
2024-04-05,0.09974921290199874,0.04885137454549722,0.1030198731936521,0.10195023,0.13939112922546257
2024-04-08,0.09672853446120143,0.051121991322710204,0.10308671120270632,0.10195023,0.14471276876840514
2024-04-09,0.09652457190025408,0.04557986289511866,0.10313023382895986,0.10099823,0.1447062247960913
2024-04-10,0.09680381205994243,0.045873397524011254,0.10328611315609042,0.10099823,0.13994637177850797
2024-04-11,0.10029027926705276,0.044991572126019695,0.10353116870860787,0.10006839,0.13887019714762208
2024-04-12,0.1121847642351459,0.05118226368429364,0.10353381059955492,0.10006839,0.12848130783515874
2024-04-15,0.11834308072162725,0.057231253973887404,0.10625811644818989,0.10297264,0.11817205851725886
2024-04-16,0.11590806726017093,0.05790304737784883,0.10973699275471144,0.099965185,0.11789188887090732
2024-04-17,0.11457666266897093,0.05977136945940382,0.10591526312289143,0.10184702,0.11953033442371193
2024-04-18,0.10737692228396856,0.06182878726428908,0.10885022884013087,0.10525455,0.11953010688760012
2024-04-19,0.10793705758220631,0.06857290308062673,0.10857476767878152,0.09790084,0.11161728708205494
2024-04-22,0.11582863405393883,0.06512035752179156,0.10536972938798157,0.08691949,0.10968447010651532
2024-04-23,0.12582987422593714,0.06198591446123917,0.10562634812195616,0.08867735,0.1045815246555241
2024-04-24,0.1258560856107023,0.06302787764031252,0.1112458450319535,0.09860172,0.10582599671021711
2024-04-25,0.12075654066538091,0.06650695226200398,0.12035093199455621,0.11484888,0.10923480008440259
2024-04-26,0.12723522191100683,0.0581034142946468,0.132463838253159,0.13266622,0.10718491815571725
2024-04-29,0.1284401577255497,0.05637356916399719,0.1485583425176613,0.14562577,0.1071334714527486
2024-04-30,0.13776771709049518,0.06417211627833257,0.13449296101425953,0.10139796,0.09081414202769743
2024-05-01,0.13748128208527333,0.06814389129082365,0.11578061590506877,0.09074442,0.0943327607621519
2024-05-02,0.1371556838879332,0.06360021733081613,0.12345156607361936,0.24254,0.09409282415218692
2024-05-03,0.13939112922546257,0.05682805161843656,0.12670826239868366,0.1926926,0.08615175009241519
2024-05-06,0.14471276876840514,0.05140819061694354,0.1158162555661008,0.09074442,0.07980656527751759
2024-05-07,0.1447062247960913,0.05179048791704375,0.10548918266585376,0.09108137,0.08835653896827707
2024-05-08,0.13994637177850797,0.049685040411903456,0.11238070029324473,0.24486987,0.08838468884109738
2024-05-09,0.13887019714762208,0.03993291735145203,0.11470082083981713,0.31752554,0.08756878069425567
2024-05-10,0.12848130783515874,0.04032009435151009,0.09774307910617636,0.091392376,0.08779402016474024
2024-05-13,0.11817205851725886,0.039100319379783255,0.15121751587094076,0.112331055,0.0877288755130323
2024-05-14,0.11789188887090732,0.03083679453125097,0.10532029610512669,0.094126455,0.09029003915604698
2024-05-15,0.11953033442371193,0.024254566520481486,0.1118725911135752,0.18055536,0.08117969320956289
2024-05-16,0.11953010688760012,0.025415433827200854,0.15238054053282601,0.18067598,0.08031471892851559
2024-05-17,0.11161728708205494,0.02704398934016484,0.10950183499701083,0.104842916,0.0836792336775953
2024-05-20,0.10968447010651532,0.025212718294070256,0.11231431555627017,0.10942863,0.08371662612454507
2024-05-21,0.1045815246555241,0.022988313643066804,0.11231431555627017,0.10942863,0.08510977332399587
2024-05-22,0.10582599671021711,0.025118758993727095,0.10767950667346508,0.1223144,0.0842401896948936
2024-05-23,0.10923480008440259,0.031069169274603986,0.10663399773380489,0.11675859,0.07967429418223082
2024-05-24,0.10718491815571725,0.02911953362151893,0.14371190923781,0.13959265,0.0780284485966836
2024-05-28,0.1071334714527486,0.03068665340917357,0.13435662664984396,0.14482729,0.07796927934722594
2024-05-29,0.09081414202769743,0.033921629019646335,0.13371354195774077,0.14482729,0.07097971841999155
2024-05-30,0.0943327607621519,0.04102935116705104,0.15153423345863398,0.15806426,0.06711382180660631
2024-05-31,0.09409282415218692,0.03585352580851795,0.15154861195179023,0.16007379,0.062000535514362444
2024-06-03,0.08615175009241519,0.03681653401633192,0.1319633567838201,0.13064796,0.06420177970914444
2024-06-04,0.07980656527751759,0.03432107273503423,0.1353388448316154,0.13131517,0.06459377117840395
2024-06-05,0.08835653896827707,0.02644722415995877,0.12418182490319701,0.12493654,0.055719582089484604
2024-06-06,0.08838468884109738,0.029312257431909176,0.12976423683334484,0.12768574,0.05531169884619139
2024-06-07,0.08756878069425567,0.022021914905735757,0.13071487671271304,0.1259447,0.05412886208172125
2024-06-10,0.08779402016474024,0.020345021095662528,0.130458557691212,0.1277601,0.060592771724904015
2024-06-11,0.0877288755130323,0.020157242388531872,0.12974708488842387,0.12836047,0.07240294532325607
2024-06-12,0.09029003915604698,0.017430769563622266,0.10303444166364024,0.102467835,0.07053060973408104
2024-06-13,0.08117969320956289,0.01929586312520141,0.103081098799702,0.102467835,0.07060072660142244
2024-06-14,0.08031471892851559,0.01972955247911288,0.10528077128391436,0.09995374,0.07182392475565841
2024-06-17,0.0836792336775953,0.01575372616841035,0.10247168986898002,0.10043636,0.08892349142958583
2024-06-18,0.08371662612454507,0.018064168751605863,0.10421471139027555,0.11074906,0.09395640370339092
2024-06-20,0.08510977332399587,0.020345040043957086,0.10277575536128816,0.10254628,0.09677077897768938
2024-06-21,0.0842401896948936,0.022441600648280578,0.1062129600244571,0.107052475,0.1026718336055398
2024-06-24,0.07967429418223082,0.023237537756255366,0.10603034555579649,0.10763444,0.10193355589971921
2024-06-25,0.0780284485966836,0.024610915089428625,0.10265522503635152,0.106946245,0.13192319682612078
2024-06-26,0.07796927934722594,0.025825618753591316,0.10062220330066404,0.10416558,0.13289239596591979
2024-06-27,0.07097971841999155,0.0245176054799543,0.10035469816522513,0.09340458,0.13920581573101873
2024-06-28,0.06711382180660631,0.026112932887196943,0.10139429841393867,0.10098464,0.13850729794120226
2024-07-01,0.062000535514362444,0.026480638251833468,0.10215217334427037,0.10430021,0.13944891409054483
2024-07-02,0.06420177970914444,0.024737942035759002,0.09989489956540555,0.08708592,0.1493834536431348
2024-07-03,0.06459377117840395,0.025808359387596937,0.10193010362244688,0.11226047,0.1568415512602374
2024-07-05,0.055719582089484604,0.026026670818997958,0.09653246519074915,0.10333113,0.16716257705207982
2024-07-08,0.05531169884619139,0.02783501297254004,0.10348407452322038,0.093726985,0.1930230865050128
2024-07-09,0.05412886208172125,0.026856528418175166,0.1096454699152432,0.107195266,0.1977048220159037
2024-07-10,0.060592771724904015,0.023520499523817434,0.13027165390699114,0.13167572,0.19194818115896298
2024-07-11,0.07240294532325607,0.02911340303854684,0.1296659263710257,0.13021356,0.2131247259626267
2024-07-12,0.07053060973408104,0.030850230139058056,0.10795225008085581,0.09950432,0.21221022447586582
2024-07-15,0.07060072660142244,0.03314628913824152,0.11314755663142956,0.104963705,0.2116316806345249
2024-07-16,0.07182392475565841,0.032070793538554604,0.1146126749640621,0.10427973,0.22021316359970083
2024-07-17,0.08892349142958583,0.0376188358726502,0.11797258814504254,0.11847667,0.2161661483342679
2024-07-18,0.09395640370339092,0.04379805701628475,0.10721952525897391,0.11816287,0.22394166225821294
2024-07-19,0.09677077897768938,0.046831047924676135,0.09370374001631086,0.084209874,0.2226349027016102
2024-07-22,0.1026718336055398,0.047533862596812665,0.09443114956572671,0.081631385,0.22221843743390485
2024-07-23,0.10193355589971921,0.04984046463201072,0.10282941210904542,0.094625175,0.22222545551811998
2024-07-24,0.13192319682612078,0.04745893560310216,0.10381239362109175,0.10565269,0.2044530628312507
2024-07-25,0.13289239596591979,0.04872075762547597,0.15844081164511428,0.15861867,0.20586844809816857
2024-07-26,0.13920581573101873,0.051104018790507605,0.14927332415468292,0.1366371,0.2055298333926326
2024-07-29,0.13850729794120226,0.05261818022614258,0.13511595146176242,0.12525134,0.20599449413673812
2024-07-30,0.13944891409054483,0.04911686813967726,0.1388578725827546,0.13707115,0.20455019419131548
2024-07-31,0.1493834536431348,0.05959034666535645,0.11741219844637163,0.10029191,0.19888376617353518
2024-08-01,0.1568415512602374,0.05131877912703498,0.14072297642849035,0.12572978,0.19095374867815032
2024-08-02,0.16716257705207982,0.03935141069641029,0.15073433818847273,0.11089557,0.17719894229091224
2024-08-05,0.1930230865050128,0.030928928411283432,0.1801112771002427,0.19249763,0.15762106212616608
2024-08-06,0.1977048220159037,0.034497141634907656,0.31317245402239174,0.25679082,0.1570539990282646
2024-08-07,0.19194818115896298,0.03650578189904872,0.19525676617198356,0.307234,0.1543755020359037
2024-08-08,0.2131247259626267,0.05340764471817398,0.1841863427076153,0.31523272,0.15078170315046036
2024-08-09,0.21221022447586582,0.05781125148142002,0.22564796992268077,0.22318444,0.15469484231727246
2024-08-12,0.2116316806345249,0.055847787804282054,0.22646774776051393,0.23311803,0.155053783579586
2024-08-13,0.22021316359970083,0.0589254112295925,0.22366711174863363,0.21519424,0.14866733935485982
2024-08-14,0.2161661483342679,0.06179853211851375,0.19239181207825207,0.18438588,0.15075960650710235
2024-08-15,0.22394166225821294,0.06543149668301194,0.18033244978285248,0.16479263,0.14000113063072456
2024-08-16,0.2226349027016102,0.0678798269513536,0.19092652106917132,0.19251716,0.1399233303195713
2024-08-19,0.22221843743390485,0.06763202093523858,0.19298466392197622,0.20600012,0.13604838811888215
2024-08-20,0.22222545551811998,0.07033251412239262,0.1921584853746071,0.18358903,0.13638480556745217
2024-08-21,0.2044530628312507,0.068305088667757,0.19274617267022626,0.21156262,0.14844202496641581
2024-08-22,0.20586844809816857,0.06532558401752592,0.18277535650261492,0.16835077,0.14517877276277488
2024-08-23,0.2055298333926326,0.06909248557406424,0.18724678039070136,0.16903982,0.1410550849350293
2024-08-26,0.20599449413673812,0.07240166431916112,0.18311400012675574,0.16733666,0.14070209353796564
2024-08-27,0.20455019419131548,0.07266875890884504,0.1845853734527853,0.16236743,0.14117709149369212
2024-08-28,0.19888376617353518,0.0656501973894036,0.18312229252943169,0.16845618,0.13925334360260946
2024-08-29,0.19095374867815032,0.06531765304595957,0.18229916326360998,0.16172427,0.1395515310474923
2024-08-30,0.17719894229091224,0.05691587611035703,0.18225752956985844,0.17007945,0.13660649681823567
2024-09-03,0.15762106212616608,0.06269030020576861,0.16529215237602565,0.14729421,0.1165470896447078
2024-09-04,0.1570539990282646,0.06733039141487351,0.16856741043846576,0.1493461,0.11584080823546813
2024-09-05,0.1543755020359037,0.06785456673578896,0.1628452709931385,0.13815461,0.11557019648386048
2024-09-06,0.15078170315046036,0.0773256394742174,0.1568260121795091,0.15165727,0.09455815880062325
2024-09-09,0.15469484231727246,0.07197997405593536,0.1545295718500615,0.14453277,0.0988616172537955
2024-09-10,0.155053783579586,0.0717946287972632,0.1659270466035591,0.15546843,0.1019931097236658
2024-09-11,0.14866733935485982,0.06741579870494452,0.16547758653628145,0.15471418,0.09924469436927946
2024-09-12,0.15075960650710235,0.06300421172375434,0.16017791193472417,0.14170547,0.09731488644030444
2024-09-13,0.14000113063072456,0.0616589281251262,0.1656952929083086,0.15002678,0.09772044219608023
2024-09-16,0.1399233303195713,0.061891483029460084,0.1192483879278703,0.11250383,0.10035645611819377
2024-09-17,0.13604838811888215,0.05993100987926877,0.11876671753668336,0.10925407,0.10617210690475273
2024-09-18,0.13638480556745217,0.05692605765102723,0.16693073703327668,0.14683089,0.10514972837201164
2024-09-19,0.14844202496641581,0.04544552977892364,0.20437195155274887,0.15654208,0.08919580933141773
2024-09-20,0.14517877276277488,0.05024411091459256,0.13714765402184856,0.12629451,0.0890103168978193
2024-09-23,0.1410550849350293,0.04701800891906825,0.12205709353879535,0.1003037,0.08955628634292372
2024-09-24,0.14070209353796564,0.044690084632277874,0.15590627868606916,0.20824613,0.08953757989315136
2024-09-25,0.14117709149369212,0.046038393128162276,0.16336252993840034,0.20714799,0.09607390967048043
2024-09-26,0.13925334360260946,0.042765648242848876,0.12117871969288124,0.103694804,0.09547416496404641
2024-09-27,0.1395515310474923,0.044616467571422354,0.10182721000493986,0.08849536,0.09523899454937006
2024-09-30,0.13660649681823567,0.04030789460977375,0.10034754776834016,0.08650404,0.09486868835592993
2024-10-01,0.1165470896447078,0.0483976200455923,0.22088051460621497,0.22336458,0.08782679780573542
2024-10-02,0.11584080823546813,0.052839433281645976,0.17235239137346994,0.18160813,0.08904890575208
2024-10-03,0.11557019648386048,0.04895138489429905,0.10930340360368102,0.087453514,0.1154652555710705
2024-10-04,0.09455815880062325,0.04075616448574004,0.10928510600314224,0.087453514,0.11169534764612817
2024-10-07,0.0988616172537955,0.04858081974619367,0.11266207735631653,0.15331776,0.1069720403905669
2024-10-08,0.1019931097236658,0.045477023096201385,0.1064999213702117,0.10777731,0.11030502944243434
2024-10-09,0.09924469436927946,0.04301116570716371,0.11043911772760787,0.108599074,0.13851295204382585
2024-10-10,0.09731488644030444,0.043910282348982546,0.10729583458193775,0.10777731,0.1399081593508734
2024-10-11,0.09772044219608023,0.0390969214994893,0.10820821261175605,0.10638803,0.13935636377210675
2024-10-14,0.10035645611819377,0.0369052825087586,0.1648174964693091,0.1854213,0.13718422611331557
2024-10-15,0.10617210690475273,0.04354884373877357,0.13500329452873472,0.12868111,0.1340693862250625
2024-10-16,0.10514972837201164,0.0455869822197849,0.12938696732494917,0.12239373,0.13366776713298903
2024-10-17,0.08919580933141773,0.0456926315546317,0.12960094367390843,0.12821494,0.13641638885739055
2024-10-18,0.0890103168978193,0.03528487436127687,0.10293613092045834,0.102467835,0.14438763126368379
2024-10-21,0.08955628634292372,0.037394357895108955,0.10431393752646999,0.10512605,0.14490295682505025
2024-10-22,0.08953757989315136,0.03650095938884689,0.11500323114316179,0.11500324,0.1453112130768708
2024-10-23,0.09607390967048043,0.03860760203386692,0.10458356027717619,0.10670253,0.14067356424228247
2024-10-24,0.09547416496404641,0.04007814460328413,0.1035980067176621,0.09836708,0.14145622818700257
2024-10-25,0.09523899454937006,0.03973127953073253,0.1035980067176621,0.09921114,0.14147504864552676
2024-10-28,0.09486868835592993,0.03553440085361616,0.10684785432910986,0.105094865,0.1415263536084726
2024-10-29,0.08782679780573542,0.03606070262783298,0.1281143425309727,0.12592748,0.14216610041160407
2024-10-30,0.08904890575208,0.036833687687097785,0.12878428510269632,0.12754807,0.14216823660488603
2024-10-31,0.1154652555710705,0.047141733010531775,0.10286727001025299,0.102467835,0.11820875816073849
2024-11-01,0.11169534764612817,0.047809624598584156,0.10591526312289143,0.10184702,0.1181638000418277
2024-11-04,0.1069720403905669,0.04900236715428647,0.10625811644818989,0.10297264,0.11707449422098651
2024-11-05,0.11030502944243434,0.04118572099393695,0.10546391022589459,0.09714495,0.11280703147251137
2024-11-06,0.13851295204382585,0.032009870278031524,0.10628894484811986,0.09843498,0.07824605270812617
2024-11-07,0.1399081593508734,0.031154730226756674,0.11879498359288085,0.091717035,0.07457714875972309
2024-11-08,0.13935636377210675,0.03642481206251399,0.11889169454028652,0.09769297,0.07656968697174461
2024-11-11,0.13718422611331557,0.03754872532044502,0.11965276859782228,0.10315128,0.07763195334352159
2024-11-12,0.1340693862250625,0.035931262990541085,0.1281179106301501,0.19526988,0.08069019909402203
2024-11-13,0.13366776713298903,0.036482894622264145,0.38277201806211136,0.15137275,0.0834983978108215
2024-11-14,0.13641638885739055,0.03438059172856902,0.1824678336784391,0.16438228,0.07934818022454525
2024-11-15,0.14438763126368379,0.04187447770558144,0.28305684746215326,0.15379135,0.06103257643198395
2024-11-18,0.14490295682505025,0.044052728059381076,0.11526780578467367,0.23234107,0.06378967772576588
2024-11-19,0.1453112130768708,0.043623319388203304,0.13963624365055666,0.19968523,0.1284115764417736
2024-11-20,0.14067356424228247,0.043845668297772804,0.1749893972634969,0.18265909,0.12838665743693514
2024-11-21,0.14145622818700257,0.038410781726095584,0.16384638372587057,0.2047646,0.1342765424093753
2024-11-22,0.14147504864552676,0.036796101300933484,0.14440018885096056,0.09059017,0.13555023794792279
2024-11-25,0.1415263536084726,0.036362251682295094,0.14859126293373684,0.18259923,0.14065275434302105
2024-11-26,0.14216610041160407,0.03575067725314291,0.1435550222678944,0.17725252,0.13954139606056953
2024-11-27,0.14216823660488603,0.0374333622865424,0.10604541353097367,0.17398894,0.14436855487173167
2024-11-29,0.11820875816073849,0.03497148364345981,0.11690895656139887,0.17991552,0.14765645385699674
2024-12-02,0.1181638000418277,0.03858332201702837,0.11074378191294568,0.090986155,0.14753708120116882
2024-12-03,0.11707449422098651,0.03974787731401519,0.11074378191294568,0.090986155,0.14743659622543087
2024-12-04,0.11280703147251137,0.03325448814570933,0.10970652533781539,0.08948238,0.15327042668216817
2024-12-05,0.07824605270812617,0.038533947520907656,0.10266370809498314,0.089201145,0.155180819798078
2024-12-06,0.07457714875972309,0.038615569517299046,0.11304963569117284,0.09739773,0.15924634308476457
2024-12-09,0.07656968697174461,0.039397838304225656,0.09728992382465983,0.08480514,0.15892506012221924
2024-12-10,0.07763195334352159,0.04096444842319132,0.11038287166842892,0.09172656,0.16675963445298408
2024-12-11,0.08069019909402203,0.0369283464195632,0.11236677244756116,0.09556469,0.1635503678504836
2024-12-12,0.0834983978108215,0.04039855549229796,0.11796572739186821,0.10087533,0.16353245845583783
2024-12-13,0.07934818022454525,0.04436923775152998,0.1370146236991698,0.14559603,0.17791301279947985
2024-12-16,0.06103257643198395,0.03718966845099833,0.13177211433118585,0.14126004,0.17693753750463545
2024-12-17,0.06378967772576588,0.03911598278895306,0.11653474933719453,0.093125895,0.18078396650304557
2024-12-18,0.1284115764417736,0.04864405074032288,0.11756152499239732,0.12506038,0.1449890310418083
2024-12-19,0.12838665743693514,0.05103092786704568,0.1340270097267808,0.1365406,0.145487673101052
2024-12-20,0.1342765424093753,0.04657133806997115,0.14179729168828203,0.13973552,0.14129355077667902
2024-12-23,0.13555023794792279,0.04647488922610546,0.23029268912795464,0.22072181,0.14112915108386453
2024-12-24,0.14065275434302105,0.04470698709589982,0.25691450851280534,0.2553777,0.14596340572700994
2024-12-26,0.13954139606056953,0.04681023167465197,0.13259918048569552,0.10076714,0.14921297982983267
2024-12-27,0.14436855487173167,0.043215408853753814,0.12225875643544931,0.08521657,0.14484407642917518
2024-12-30,0.14765645385699674,0.050303762880434616,0.1500169182706103,0.1781523,0.13846011216670234
2024-12-31,0.14753708120116882,0.052386113966756916,0.1685358210271933,0.23501618,0.13940605817433074
2025-01-02,0.14743659622543087,0.052415474398426254,0.13706902045090305,0.13435924,0.14176445537717244
2025-01-03,0.15327042668216817,0.04765255261738725,0.12492058943890984,0.124986894,0.13707435021840028
2025-01-06,0.155180819798078,0.04705760246358562,0.14008300649021724,0.13030292,0.13639681179615917
2025-01-07,0.15924634308476457,0.050807521373550775,0.14415007419950499,0.21739401,0.12889088770525195
2025-01-08,0.15892506012221924,0.05107612814045331,0.17776558717578694,0.20636809,0.13434765635321008
2025-01-10,0.16675963445298408,0.05190913365694099,0.16200935322746546,0.15231922,0.1209752545322564
2025-01-13,0.1635503678504836,0.051873487010628,0.16611866591323748,0.16348791,0.12105142430956356
2025-01-14,0.16353245845583783,0.05010779930971101,0.1633208293216168,0.1596839,0.12246840396532256
2025-01-15,0.17791301279947985,0.050651248202919386,0.16368010062884064,0.16120577,0.11167054484816875
2025-01-16,0.17693753750463545,0.05228165909549319,0.16450076021272464,0.16186821,0.11112481208624732
2025-01-17,0.18078396650304557,0.049367053250003116,0.16463556563551565,0.1607598,0.10671225191212617
2025-01-21,0.1449890310418083,0.04759309450214614,0.17250367446269682,0.18647477,0.10264377625634467
2025-01-22,0.145487673101052,0.04755717105309369,0.11551911993024333,0.11482548,0.10245378655587543
2025-01-23,0.14129355077667902,0.04652685494260767,0.12511031969733896,0.10709861,0.11791810295605114
2025-01-24,0.14112915108386453,0.046294848833590155,0.12259007587025463,0.10075468,0.1184492528820712
2025-01-27,0.14596340572700994,0.05287238593360875,0.11141118749401786,0.10304965,0.1087680259997035
2025-01-28,0.14921297982983267,0.05164717006297785,0.1392821259881659,0.11160083,0.10357719151053889
2025-01-29,0.14484407642917518,0.054978265292846974,0.1590623474357995,0.13205025,0.11640079736464426
2025-01-30,0.13846011216670234,0.05396253336763262,0.12897327098858494,0.1063532,0.12907723696488663
2025-01-31,0.13940605817433074,0.05625464121587138,0.11918501086738964,0.09514203,0.14152559945574725
2025-02-03,0.14176445537717244,0.05956880430570772,0.1207661010605828,0.11112859,0.1451877143533777
2025-02-04,0.13707435021840028,0.05811931124155335,0.1103604359790296,0.103453934,0.14893236378247127
2025-02-05,0.13639681179615917,0.06104622069994083,0.11488456473618672,0.14289126,0.15804526649786269
2025-02-06,0.12889088770525195,0.06154428327301081,0.21240486049605528,0.1342915,0.15931284490803893
2025-02-07,0.13434765635321008,0.060240068765830976,0.1041651358718967,0.084809475,0.18027994893347532
2025-02-10,0.1209752545322564,0.06453584534653425,0.16913575594344588,0.14513882,0.1768554334763027
2025-02-11,0.12105142430956356,0.06590645151860236,0.12425588535331313,0.16052091,0.17926284391352623
2025-02-12,0.12246840396532256,0.06350620574155018,0.13566232499094455,0.15845133,0.18231197403717814
2025-02-13,0.11167054484816875,0.06292220333677705,0.10805552932227577,0.11126844,0.1960621731482854
2025-02-14,0.11112481208624732,0.06554517213807784,0.10555712152696882,0.14671892,0.20001114847156362
2025-02-18,0.10671225191212617,0.05014109300876353,0.11109328797506607,0.11324017,0.20001639527972043
2025-02-19,0.10264377625634467,0.04897615432744915,0.1493466500310868,0.18876621,0.20593816292864395
2025-02-20,0.10245378655587543,0.04762391491124018,0.17268393392150297,0.19100915,0.20596430330419446
2025-02-21,0.11791810295605114,0.05792268658721031,0.14751284535359963,0.14751077,0.2001288177414408
2025-02-24,0.1184492528820712,0.062215022019659526,0.15527631436728287,0.18451779,0.2129893992368539
2025-02-25,0.1087680259997035,0.06500638741782468,0.15088454893416697,0.142394,0.2131493920218469
2025-02-26,0.10357719151053889,0.06469404425165676,0.14443302183691514,0.13766065,0.21622986208405534
2025-02-27,0.11640079736464426,0.0680491333910128,0.14762122366726582,0.14362915,0.2098501681972628
2025-02-28,0.12907723696488663,0.06358113027277518,0.12971636734696962,0.11383009,0.21013074443050947
2025-03-03,0.14152559945574725,0.07851127081235419,0.13408405321035372,0.13004814,0.20562155552309513
2025-03-04,0.1451877143533777,0.09287333918652946,0.16417671758478788,0.12709072,0.20282014793167155
2025-03-05,0.14893236378247127,0.08908176207656071,0.13153909318206472,0.12520933,0.19997612747449514
2025-03-06,0.15804526649786269,0.11392085857678307,0.1428783856499086,0.13230899,0.26006707811736857
2025-03-07,0.15931284490803893,0.11584484219593899,0.17555305748760489,0.1799662,0.3274033080336154
2025-03-10,0.18027994893347532,0.15625322731753793,0.17025094457467435,0.21918535,0.31846923891956147
2025-03-11,0.1768554334763027,0.21468480167414491,0.17283488337040068,0.17464371,0.32055344094182725
2025-03-12,0.17926284391352623,0.18487911282996775,0.16511364432154071,0.14398757,0.4924703297253784
2025-03-13,0.18231197403717814,0.1860617374052356,0.16896498145181338,0.16028062,0.5152365391984232
2025-03-14,0.1960621731482854,0.1472399751688343,0.17287953388844193,0.2203932,0.5137084241197896
2025-03-17,0.20001114847156362,0.14437546392845305,0.18127549028300172,0.19773415,0.514273580711763
2025-03-18,0.20001639527972043,0.1611389053957411,0.18209129232466584,0.16807519,0.5133050346401665
2025-03-19,0.20593816292864395,0.14408121314280498,0.18220834981358947,0.16938291,0.5158889029230167
2025-03-20,0.20596430330419446,0.16459953038440267,0.18775073276744458,0.18025859,0.5162002903191149
2025-03-21,0.2001288177414408,0.14920672532174123,0.18567810248650957,0.17033117,0.5210959580179836
2025-03-24,0.2129893992368539,0.10301504138064582,0.18319934345114616,0.17469943,0.5263549546952954
2025-03-25,0.2131493920218469,0.10288542576166843,0.18320747223515907,0.1742862,0.5305297106727217
2025-03-26,0.21622986208405534,0.11363341841926944,0.1842003816274665,0.18773703,0.5364044728916182
2025-03-27,0.2098501681972628,0.11831391510605184,0.18492034045204497,0.18889801,0.5373756069052901
2025-03-28,0.21013074443050947,0.1327793045377267,0.18510890084691717,0.1756961,0.5327373266472688
2025-03-31,0.20562155552309513,0.13366040862363535,0.18396671488626343,0.17028615,0.5326664736092359
2025-04-01,0.20282014793167155,0.1301988765231999,0.18345272592726705,0.16580877,0.5325382380437467
2025-04-02,0.19997612747449514,0.11501249742777672,0.1827684731146169,0.16760878,0.5326741680729461
2025-04-03,0.26006707811736857,0.16588752739444312,0.18314103871569604,0.15715417,0.5008549491456985
2025-04-04,0.3274033080336154,0.32709056457795105,0.20356988259920514,0.20191576,0.4439660611834918
2025-04-07,0.31846923891956147,0.46953195359005384,0.4961974652353165,0.49372667,0.4460106461853394
2025-04-08,0.32055344094182725,0.24888134862099223,0.34733388771451734,0.43222627,0.439173197247049
2025-04-09,0.4924703297253784,0.1380022936264893,0.346615538218593,0.44126627,0.265723555170544
2025-04-10,0.5152365391984232,0.2436474652069286,0.8302779208172075,0.72864056,0.20258269929847475
2025-04-11,0.5137084241197896,0.22105602702814756,0.8097529469374323,0.69986755,0.22210186798107806
2025-04-14,0.514273580711763,0.20445281110946087,0.8174153973469517,0.79664207,0.22140337367474416
2025-04-15,0.5133050346401665,0.20482991320214694,0.8207654360638195,0.8017689,0.2201510355419108
2025-04-16,0.5158889029230167,0.23089765924332978,0.7874508678456753,0.77145123,0.1958537223817669
2025-04-17,0.5162002903191149,0.2364930786687949,0.6408990542575745,0.5277132,0.19516906184575403
2025-04-21,0.5210959580179836,0.24483692626022274,0.4093602992799247,0.47322774,0.16106753401825202
2025-04-22,0.5263549546952954,0.20762643371191192,0.4139794026788329,0.46992278,0.1497384271908125
2025-04-23,0.5305297106727217,0.19051369783918903,0.41440396182690786,0.46793944,0.16569879032294224
2025-04-24,0.5364044728916182,0.15963911591532082,0.32396171547374625,0.3429652,0.15403641270970556
2025-04-25,0.5373756069052901,0.15217237008493512,0.3174535080826177,0.3429652,0.15726448546524058
2025-04-28,0.5327373266472688,0.15022013812534396,0.3178912670568047,0.3429652,0.16948559320350565
2025-04-29,0.5326664736092359,0.1326276363890065,0.318112229727934,0.3429652,0.1722889341364718
2025-04-30,0.5325382380437467,0.13069836998961845,0.318112229727934,0.3429652,0.17205785123997175
2025-05-01,0.5326741680729461,0.1157093219393801,0.318112229727934,0.3429652,0.17201203879171362
2025-05-02,0.5008549491456985,0.10207720576197622,0.318112229727934,0.3429652,0.16650351007551617
2025-05-05,0.4439660611834918,0.10861431379575487,0.31127899858886254,0.3429652,0.16415766636817375
2025-05-06,0.4460106461853394,0.11491021723151881,0.28306240545466,0.24393666,0.15926329665890915
2025-05-07,0.439173197247049,0.1101775236589821,0.2704196890380894,0.24393666,0.16173959511269256
2025-05-08,0.265723555170544,0.1058058956598883,0.2453930200274348,0.24393666,0.16327129605548088
2025-05-09,0.20258269929847475,0.10730025381620903,0.22206182618459416,0.22108819,0.16271014762157957
2025-05-12,0.22210186798107806,0.07684265843994785,0.1694589950696775,0.1639015,0.1206789743440752
2025-05-13,0.22140337367474416,0.09192677855723791,0.19385380109720574,0.21007906,0.1202581990762104
2025-05-14,0.2201510355419108,0.09377754453564327,0.18860281391068456,0.20792796,0.12065277087356685
2025-05-15,0.1958537223817669,0.08948209344912672,0.1781495249910365,0.17909533,0.1277747629219946
2025-05-16,0.19516906184575403,0.08633904048490582,0.15455230609651133,0.1376317,0.13013128391654583
2025-05-19,0.16106753401825202,0.07901251416383674,0.15443168489307238,0.17551231,0.13421938839799846
2025-05-20,0.1497384271908125,0.0747304993685645,0.1443342060941954,0.14910841,0.13356148521907096
2025-05-21,0.16569879032294224,0.08338846597257923,0.1527932429991526,0.13028136,0.11742843134403079
2025-05-22,0.15403641270970556,0.09638942055986506,0.18275474404909808,0.19191308,0.1213669305239407
2025-05-23,0.15726448546524058,0.08792492507308902,0.15718334544163787,0.14423095,0.12143197988212401
2025-05-27,0.16948559320350565,0.07278643482061736,0.17237340539040963,0.1646632,0.10092415416074846
2025-05-28,0.1722889341364718,0.07494429818517973,0.17519853666689716,0.19366457,0.09943976044505555
2025-05-29,0.17205785123997175,0.07102673065032235,0.1732300594863546,0.17075644,0.09974599772450816
2025-05-30,0.17201203879171362,0.06966645559888267,0.17524328262727026,0.171738,0.09932790008499054
2025-06-02,0.16650351007551617,0.05903465063071528,0.1756580636533528,0.1817915,0.09909771310280795
2025-06-03,0.16415766636817375,0.05675103061811098,0.1691558452889998,0.16962992,0.09864130273601493
2025-06-04,0.15926329665890915,0.055061926338518176,0.1660964233073372,0.16055554,0.1001985585600048
2025-06-05,0.16173959511269256,0.050713549851584286,0.1711945963935376,0.16285051,0.10317310021414428
2025-06-06,0.16327129605548088,0.04644639445845461,0.1668679799534055,0.16055554,0.09939669240257233
2025-06-09,0.16271014762157957,0.048112195780484236,0.16899199219236155,0.1672999,0.10035867944509201
2025-06-10,0.1206789743440752,0.04224528804685412,0.17234387521030944,0.16959487,0.09954318508284647
2025-06-11,0.1202581990762104,0.04494674133862184,0.10771974570771697,0.097472824,0.10000041422028218
2025-06-12,0.12065277087356685,0.042610451124309334,0.10711520978949529,0.09636443,0.0997205241045146
2025-06-13,0.1277747629219946,0.04835331651078215,0.10643707491888808,0.09636443,0.09019419411687023
2025-06-16,0.13013128391654583,0.04744631084703497,0.10783062426484111,0.10275465,0.08618599010578162
2025-06-17,0.13421938839799846,0.05630216732488132,0.12192986985290738,0.13499458,0.07784998651260934
2025-06-18,0.13356148521907096,0.057604670095745485,0.1954625832465173,0.19393958,0.07815324035240105
2025-06-20,0.11742843134403079,0.05342001393607612,0.14443969806487705,0.19393958,0.07600321711371469
2025-06-23,0.1213669305239407,0.04679247775204052,0.11201620100122499,0.105926365,0.07181890130574968
2025-06-24,0.12143197988212401,0.04428812038730605,0.11388143139362678,0.120691925,0.06826813043934042
2025-06-25,0.10092415416074846,0.04551949528162793,0.15920938005225474,0.28291625,0.06834639632727223
2025-06-26,0.09943976044505555,0.03905174374682137,0.15861826411387134,0.2767074,0.06558659055976447
2025-06-27,0.09974599772450816,0.039465752271155695,0.15013223865015232,0.15744075,0.06509797742495792
2025-06-30,0.09932790008499054,0.03897324564644309,0.15249343935828222,0.12786579,0.06586408633767649
2025-07-01,0.09909771310280795,0.03934464913032118,0.16127719951494168,0.17555904,0.06626978063248642
2025-07-02,0.09864130273601493,0.034640773966938654,0.1545553346681193,0.17614143,0.06750653636936627
2025-07-03,0.1001985585600048,0.03025469708757926,0.15399371230902695,0.17534836,0.08699700482573983
2025-07-07,0.10317310021414428,0.0348616487014298,0.13896751887289688,0.12836212,0.09839108372405833
2025-07-08,0.09939669240257233,0.041386382776477125,0.14829718850337326,0.14264703,0.10053186501974198
2025-07-09,0.10035867944509201,0.037107267630763816,0.15123956911806072,0.14107864,0.10186360683239967
2025-07-10,0.09954318508284647,0.039002776483377986,0.10767444030289153,0.11425282,0.10167944490633617
2025-07-11,0.10000041422028218,0.04047812763174742,0.11000405987805349,0.105952114,0.10361876003410977
2025-07-14,0.0997205241045146,0.039885140885124876,0.10643344811967544,0.106934234,0.10412234027522156
2025-07-15,0.09019419411687023,0.04152825043699998,0.10550785699613587,0.105952114,0.1076626977038275
2025-07-16,0.08618599010578162,0.0391625765137267,0.10459046023009759,0.10512605,0.10767988154329915
2025-07-17,0.07784998651260934,0.039464668889008535,0.10417982671864562,0.10512605,0.1064755201242949
2025-07-18,0.07815324035240105,0.044108965158372405,0.1010818476151763,0.09577796,0.10704135249765688
2025-07-21,0.07600321711371469,0.042602756583288576,0.11377864976102603,0.11086579,0.1071346303859837
2025-07-22,0.07181890130574968,0.044544510962796206,0.09975921624659821,0.091888174,0.10962920066448675
2025-07-23,0.06826813043934042,0.03706262942604454,0.09874742144687586,0.089867696,0.10645800752289451
2025-07-24,0.06834639632727223,0.03560578553203021,0.10247697057046853,0.090563975,0.10755925289411966
2025-07-25,0.06558659055976447,0.03070111856961836,0.09992465704240636,0.090563975,0.11961261738748451
2025-07-28,0.06509797742495792,0.028502267356607002,0.09944998579693191,0.095903195,0.12092783955953298
2025-07-29,0.06586408633767649,0.025852628581785,0.09708731355553607,0.09747651,0.1210517972986682
2025-07-30,0.06626978063248642,0.027740357161667506,0.1025709131456184,0.10856775,0.12091468542236004
2025-07-31,0.06750653636936627,0.028375619166994277,0.10555748379936476,0.10753455,0.11991540293825723
2025-08-01,0.08699700482573983,0.03509949681546573,0.12785346862631852,0.1225275,0.10387670914437212
2025-08-04,0.09839108372405833,0.03269900696951982,0.13039305322247435,0.14173298,0.09627978701693242
2025-08-05,0.10053186501974198,0.03647627997478425,0.12216286555269873,0.13501938,0.0950921807845295
2025-08-06,0.10186360683239967,0.03363362186209906,0.11993797579973427,0.12453096,0.0957388083360763
2025-08-07,0.10167944490633617,0.038017567023694306,0.12184564521614237,0.12754892,0.0966183645784884
2025-08-08,0.10361876003410977,0.034676558572490704,0.10666720123101228,0.115327105,0.09360131724038888
2025-08-11,0.10412234027522156,0.03648532967726277,0.10696245163348547,0.11962785,0.0930844133705825
2025-08-12,0.1076626977038275,0.03377815083590727,0.10651126177857312,0.11456669,0.08647215808414575
2025-08-13,0.10767988154329915,0.036391638340431895,0.11145636816050654,0.11306211,0.09011416902409991
2025-08-14,0.1064755201242949,0.03658738696078298,0.1115678597914119,0.111450545,0.09018265768586292
2025-08-15,0.10704135249765688,0.03044712943446514,0.105978433231955,0.09812707,0.09055874209493173
2025-08-18,0.1071346303859837,0.031564419945581214,0.10615752266667139,0.09733957,0.09091626255775401
2025-08-19,0.10962920066448675,0.02787198979985104,0.10905417725202722,0.103223294,0.08797400818860787
2025-08-20,0.10645800752289451,0.030494654696766144,0.11495355650907006,0.11486987,0.08722692475869832
2025-08-21,0.10755925289411966,0.03320331400259576,0.11416532511356851,0.10974049,0.08498977216731322
2025-08-22,0.11961261738748451,0.030222158080407617,0.12090246662899998,0.11762196,0.0707685306630581
2025-08-25,0.12092783955953298,0.03368072940345341,0.13146184209361803,0.13182586,0.07206958811914586
2025-08-26,0.1210517972986682,0.03282300977129391,0.12978570962338631,0.13664697,0.07347516092449155
2025-08-27,0.12091468542236004,0.03364320933370908,0.13055809680901895,0.13437003,0.076358568990576
2025-08-28,0.11991540293825723,0.03336743347956588,0.13109001535880546,0.13367173,0.077691907563389
2025-08-29,0.10387670914437212,0.03348905383853984,0.13658573094408918,0.14494692,0.07316445080462197
2025-09-02,0.09627978701693242,0.03748446848372344,0.13082679706641887,0.12928651,0.06526616012313352
2025-09-03,0.0950921807845295,0.03862962031499024,0.1345223011582755,0.12817812,0.0643101305781715
2025-09-04,0.0957388083360763,0.036602776609879976,0.13120789586039625,0.12836792,0.05987625522172842
2025-09-05,0.0966183645784884,0.03963785374356123,0.13283636722564748,0.13818474,0.05779929263975981
2025-09-08,0.09360131724038888,0.03921768751883001,0.15858946973115928,0.15659466,0.05810371592322545
2025-09-09,0.0930844133705825,0.03874859450423167,0.14375692407923973,0.14084692,0.061335508346360194
2025-09-10,0.08647215808414575,0.03929501656887311,0.14173949958987597,0.14084692,0.0631455049955563
2025-09-11,0.09011416902409991,0.04061411176782459,0.1434376535216148,0.14084692,0.06013616257083423
2025-09-12,0.09018265768586292,0.04584782533942603,0.14919458169139363,0.15708214,0.11796957433529012
2025-09-15,0.09055874209493173,0.03142188988321228,0.12404597614127456,0.12400889,0.12885960029164847
2025-09-16,0.09091626255775401,0.032477879205232485,0.10245176438426373,0.09793017,0.128833963575287
2025-09-17,0.08797400818860787,0.03373847841709638,0.10360424539003185,0.101397,0.12950058522068844
2025-09-18,0.08722692475869832,0.03387735215125519,0.10303556941311057,0.101397,0.13112611375251879
2025-09-19,0.08498977216731322,0.030767334901714346,0.10377629030925496,0.09793017,0.1315088369363637
2025-09-22,0.0707685306630581,0.03442021079653148,0.10265870263344617,0.10115174,0.1356106668113666
2025-09-23,0.07206958811914586,0.03891984635415896,0.09769440112646395,0.07650262,0.13389295894850778
2025-09-24,0.07347516092449155,0.043077060127181474,0.09815703658206157,0.090735205,0.13484358968715698
2025-09-25,0.076358568990576,0.041144090723331764,0.09837837708877258,0.08735643,0.13471554264404523
2025-09-26,0.077691907563389,0.04257156019176201,0.10047097249645894,0.0895148,0.13610225764946585
2025-09-29,0.07316445080462197,0.04580082761222043,0.09613690947980728,0.08709082,0.14113236030724025
2025-09-30,0.06526616012313352,0.04681873737066165,0.09623738207465042,0.080927536,0.1409620789284564
2025-10-01,0.0643101305781715,0.04485956164717135,0.09999593046885714,0.107305296,0.1408325627919289
2025-10-02,0.05987625522172842,0.046897066654615335,0.09984336258415262,0.10957161,0.14762103658088754
2025-10-03,0.05779929263975981,0.04341411966485009,0.09791804400579963,0.080468245,0.14784588757904654
2025-10-06,0.05810371592322545,0.028192011949624278,0.0966554532033322,0.08734134,0.14756741851434008
2025-10-07,0.061335508346360194,0.03000642259381144,0.12732983010760524,0.13031429,0.15369739416719935
2025-10-08,0.0631455049955563,0.030477439453043823,0.13120181457637733,0.13110693,0.1527701618564513
2025-10-09,0.06013616257083423,0.03349740764718296,0.1148846818239499,0.11146038,0.15747524979278738
2025-10-10,0.11796957433529012,0.03946400843405682,0.11262351451272833,0.10611295,0.11986423182810528
2025-10-13,0.12885960029164847,0.04114002378215302,0.12908060261568133,0.14078401,0.12026057538867961
2025-10-14,0.128833963575287,0.042851214478664613,0.14883060916530397,0.16285554,0.11990234477889375
2025-10-15,0.12950058522068844,0.03927794511696966,0.15582694022598356,0.17963177,0.11945342026134931
2025-10-16,0.13112611375251879,0.04214086826707532,0.147242446734808,0.14726247,0.13286496280232418
2025-10-17,0.1315088369363637,0.04188132456126629,0.12915956568514586,0.124952935,0.1316745308280667
2025-10-20,0.1356106668113666,0.040211830766861086,0.12724521047791248,0.11299283,0.13083473898491407
2025-10-21,0.13389295894850778,0.04148610414317989,0.2609332050823378,0.1976626,0.1338652302594636
2025-10-22,0.13484358968715698,0.03365972926540601,0.2868566827265511,0.20404845,0.13380860491413288
2025-10-23,0.13471554264404523,0.03205916748572999,0.30292524488997397,0.21349947,0.14160087638615487
2025-10-24,0.13610225764946585,0.02998325617484226,0.2981093180479205,0.23402189,0.14332268883678276
2025-10-27,0.14113236030724025,0.029869550035850026,0.3428155279190493,0.31151903,0.14712979655595051
2025-10-28,0.1409620789284564,0.0370498382730313,0.14822527196398988,0.21579486,0.15133903416305572
2025-10-29,0.1408325627919289,0.03799520727322078,0.15268184524309186,0.20236096,0.1537892196290656
2025-10-30,0.14762103658088754,0.036318217493115014,0.15913851820304017,0.2621763,0.14996100158747167
2025-10-31,0.14784588757904654,0.03840471731377349,0.17104191820554374,0.29570538,0.15045689307929316
2025-11-03,0.14756741851434008,0.039892194673638165,0.14231436204771955,0.17742987,0.15045259687042778
2025-11-04,0.15369739416719935,0.041074769833137695,0.12827122014588163,0.2044463,0.1442421448612005
2025-11-05,0.1527701618564513,0.04503327619357903,0.1642008109886956,0.21942864,0.1438585483695699
2025-11-06,0.15747524979278738,0.04631034048149429,0.14594338755980707,0.21739401,0.1375671104905583
2025-11-07,0.11986423182810528,0.04847922502895695,0.17429573272994958,0.22713922,0.13835280982417025
2025-11-10,0.12026057538867961,0.043639268338589436,0.10846070625106616,0.08940103,0.12727758504361714
2025-11-11,0.11990234477889375,0.04322025349362166,0.10797830692776894,0.09499207,0.1291663836931195
2025-11-12,0.11945342026134931,0.042829393511934835,0.10532976379300867,0.09499207,0.129359147758628
2025-11-13,0.13286496280232418,0.0455864811959333,0.10945880403533344,0.09894896,0.12033496550709971
2025-11-14,0.1316745308280667,0.048588452142449653,0.12649139349526578,0.13062608,0.12056094919980928
2025-11-17,0.13083473898491407,0.0488642584120838,0.1259067287258995,0.132925,0.11545036373369605
2025-11-18,0.1338652302594636,0.05251034609359665,0.12360150394837738,0.13499458,0.11863086719658651
2025-11-19,0.13380860491413288,0.05205733824513903,0.2434362332254725,0.19393958,0.12056162652041616
2025-11-20,0.14160087638615487,0.05887648186654526,0.2639919237855614,0.18643957,0.1068787048986708
2025-11-21,0.14332268883678276,0.05676249196384135,0.1321835297494581,0.17098942,0.10413291740357693
2025-11-24,0.14712979655595051,0.051195917127730556,0.12752536160444236,0.17152762,0.09366002154389398
2025-11-25,0.15133903416305572,0.048350940669241255,0.15210445195761738,0.2937086,0.08940615301851254
2025-11-26,0.1537892196290656,0.04714437904704574,0.17279228423314902,0.31190363,0.08700088224781619
2025-11-28,0.14996100158747167,0.0481863527963686,0.14534089721024895,0.18004242,0.08667230966534757
2025-12-01,0.15045689307929316,0.050053552373939145,0.13676315135870362,0.16876373,0.08488023906872112
2025-12-02,0.15045259687042778,0.04974426998138097,0.1442949704263353,0.17206067,0.08940529448298437
2025-12-03,0.1442421448612005,0.046387530442230776,0.14281373971911823,0.21155876,0.08879834119237785
2025-12-04,0.1438585483695699,0.045649137213081274,0.10938555074075651,0.18977278,0.09178495498321422
2025-12-05,0.1375671104905583,0.04246875828492562,0.11020400936343715,0.10107057,0.09375781493973102
2025-12-08,0.13835280982417025,0.04068392735536421,0.10400547027736179,0.14933954,0.09387292590772854
2025-12-09,0.12727758504361714,0.04174061544313348,0.10350066517595154,0.10135912,0.09375632340797901
2025-12-10,0.1291663836931195,0.03483299522712434,0.11110059275246097,0.09774839,0.09374041046464165
2025-12-11,0.129359147758628,0.033964303108294375,0.10988941444122846,0.09774839,0.09359633705714704
2025-12-12,0.12033496550709971,0.04163451699843795,0.11004129137494073,0.16990922,0.08412138210083502
2025-12-15,0.12056094919980928,0.04587679745934804,0.11045551495768846,0.0947767,0.0863298175628099
2025-12-16,0.11545036373369605,0.04702613370009738,0.11421657827170047,0.109295875,0.08549216514007557
2025-12-17,0.11863086719658651,0.055800215036507866,0.11189221517619809,0.10385677,0.0729423113501186
2025-12-18,0.12056162652041616,0.051033529939539836,0.11424554389110227,0.10385677,0.10428071327424326
2025-12-19,0.1068787048986708,0.0448970369982285,0.1133271035167985,0.20487438,0.10734177935098314
2025-12-22,0.10413291740357693,0.04194479286407081,0.106498311788667,0.121081986,0.1066739592767905
2025-12-23,0.09366002154389398,0.040098021226571585,0.14746580429786932,0.13775375,0.1054857086956495
2025-12-24,0.08940615301851254,0.03916508002849569,0.14787992264791222,0.13861226,0.10629482780822848
2025-12-26,0.08700088224781619,0.03992439734960229,0.14522300728509716,0.15913151,0.10713896111673776
2025-12-29,0.08667230966534757,0.03418456115173463,0.14546683442285901,0.15806426,0.10614835396757409
2025-12-30,0.08488023906872112,0.03654552023580305,0.14422364960745934,0.15806426,0.10635184092542496
2025-12-31,0.08940529448298437,0.04322255820283573,0.13481390097779597,0.12634028,0.10306483470041573
2026-01-02,0.08879834119237785,0.043060595088412125,0.14433452187348278,0.14801356,0.10410028220918159
2026-01-05,0.09178495498321422,0.03601084956582512,0.1425293543074778,0.15828922,0.10683304973708901
2026-01-06,0.09375781493973102,0.0323086570180252,0.1283188933027883,0.1277601,0.10592519045794138
2026-01-07,0.09387292590772854,0.03631520716168567,0.12597805107252125,0.12521592,0.11409621546818523
2026-01-08,0.09375632340797901,0.038311436371169905,0.10328611315609042,0.104477346,0.13419616068721693
2026-01-09,0.09374041046464165,0.02685757327153499,0.10322816369377197,0.102467835,0.1331950679273561
2026-01-12,0.09359633705714704,0.027215113640377795,0.10333166183876177,0.102467835,0.13337178088132343
2026-01-13,0.08412138210083502,0.028532428440684675,0.10344720066433424,0.10513207,0.13320593716585466
2026-01-14,0.0863298175628099,0.0324965530301903,0.10308629974503901,0.1029418,0.14326521924107083
2026-01-15,0.08549216514007557,0.03241711960360052,0.10293697819549061,0.102467835,0.1428120756979149
2026-01-16,0.0729423113501186,0.032438024648840665,0.10260075317112773,0.10115174,0.1430597305209435
2026-01-20,0.10428071327424326,0.05832108463541165,0.09810128851611498,0.08104077,0.12325399538916428
2026-01-21,0.10734177935098314,0.044027543309604025,0.10480153413244762,0.1103368,0.11681014867226111
2026-01-22,0.1066739592767905,0.038784777393432765,0.10578562546653207,0.09823929,0.11821267436850667
2026-01-23,0.1054857086956495,0.03866664188103354,0.10546391022589459,0.09714495,0.12370944103759143
2026-01-26,0.10629482780822848,0.0317188240398818,0.11111847979580114,0.10668299,0.12523985769082477
2026-01-27,0.10713896111673776,0.030900279567906714,0.1056068480842602,0.09812707,0.12823649577490936
2026-01-28,0.10614835396757409,0.03065324698732506,0.10805537503148874,0.10422254,0.1296597963733736
2026-01-29,0.10635184092542496,0.02790638536278175,0.10639133721769373,0.100791305,0.13049211390949378
2026-01-30,0.10306483470041573,0.03111558358346027,0.10620047666253753,0.10134121,0.13023352213646175
2026-02-02,0.10410028220918159,0.0267276380745781,0.11281173202960289,0.13689364,0.13190562439702497
2026-02-03,0.10683304973708901,0.035527443496328,0.12794245261900355,0.12528403,0.1318708554868258
2026-02-04,0.10592519045794138,0.04213192945393087,0.12338073460120581,0.12227237,0.13223170121899416
2026-02-05,0.11409621546818523,0.06188025369615443,0.12296909074572658,0.12227237,0.1330146897781037
2026-02-06,0.13419616068721693,0.03743289043298948,0.12398254132742859,0.12810707,0.11720231461934007
2026-02-09,0.1331950679273561,0.03363819878207588,0.2800094575674627,0.22452077,0.11525133688319628
2026-02-10,0.13337178088132343,0.037880624345210445,0.1360270012414292,0.14582506,0.11513020288841498
2026-02-11,0.13320593716585466,0.03745983951548844,0.13750815626365842,0.22452077,0.12548985902812754
2026-02-12,0.14326521924107083,0.05870884453814724,0.13294677493326879,0.13907512,0.11573936246877398
2026-02-13,0.1428120756979149,0.05857052484819238,0.13689277103496073,0.19013858,0.12264999047423783
2026-02-17,0.1430597305209435,0.05412156312695855,0.12721981708731522,0.12637481,0.12298274593659232
2026-02-18,0.12325399538916428,0.04608767309912866,0.13389213158658694,0.196163,0.12929239950890306
2026-02-19,0.11681014867226111,0.05040854409772834,0.13438592549915815,0.13610835,0.12927969406307532
2026-02-20,0.11821267436850667,0.039221773916819636,0.1324748881754814,0.08487229,0.13200367673612698
2026-02-23,0.12370944103759143,0.05765681197858731,0.16377410476818258,0.16989216,0.13708971018660768
2026-02-24,0.12523985769082477,0.04551782679317466,0.15600894760653644,0.14035289,0.13282941421888952
2026-02-25,0.12823649577490936,0.03441461697144447,0.1560869999399107,0.1820332,0.1301123839170249
2026-02-26,0.1296597963733736,0.04245948154131576,0.15162946309112119,0.151288,0.14098893537866872
2026-02-27,0.13049211390949378,0.05045760354161667,0.11625972281232871,0.111036986,0.14949263078711872
2026-03-02,0.13023352213646175,0.0508617631827924,0.12212419433793568,0.111645594,0.14861948534820488
2026-03-03,0.13190562439702497,0.06672888886108042,0.12189423971560712,0.111645594,0.18702245091359634
2026-03-04,0.1318708554868258,0.05565758680692167,0.15053790505537323,0.1331659,0.1873384189294477
2026-03-05,0.13223170121899416,0.07099783486742023,0.13928599723295323,0.10757833,0.18714813890829876
2026-03-06,0.1330146897781037,0.12148513634814075,0.14495485226636443,0.15788671,0.18340791290951514
2026-03-09,0.11720231461934007,0.0961592402984177,0.15261518227549625,0.16071577,0.17998500790081573
2026-03-10,0.11525133688319628,0.10194854600203536,0.1517537234287359,0.14106111,0.20295164976682553
2026-03-11,0.11513020288841498,0.101112567439405,0.1521390457234479,0.14070451,0.2038761788670861
2026-03-12,0.12548985902812754,0.15886938758758798,0.15272252888427107,0.14070451,0.19536728815928572
2026-03-13,0.11573936246877398,0.24320523624086224,0.16293205736856542,0.19953722,0.195896728218576
2026-03-16,0.12264999047423783,0.1492711680257841,0.15237026188532912,0.17174445,0.19712528147149525
2026-03-17,0.12298274593659232,0.12453730055190958,0.15412645279662696,0.15066579,0.1982176276685022
2026-03-18,0.12929239950890306,0.1766847592975773,0.15412645279662696,0.15066579,0.18862546289335771
2026-03-19,0.12927969406307532,0.20076679634411723,0.15670271317170142,0.14896937,0.18996706854775905
2026-03-20,0.13200367673612698,0.21875940910391303,0.15148832762447595,0.151288,0.17892670639452074
2026-03-23,0.13708971018660768,0.17775628259921297,0.13763779594447595,0.11558153,0.18151951734169094
2026-03-24,0.13282941421888952,0.18204870537124615,0.12786511856169336,0.18058611,0.1809657051217157
2026-03-25,0.1301123839170249,0.13234627258058806,0.13638625334348126,0.11223067,0.18315740127420108
2026-03-26,0.14098893537866872,0.17866153248046687,0.1540483158889352,0.12730312,0.1643395056271204
2026-03-27,0.14949263078711872,0.28498213008347434,0.11839153463857928,0.117092155,0.14262294107351944
2026-03-30,0.14861948534820488,0.3297785235038455,0.15650767339978822,0.27645886,0.1440504974227929
2026-03-31,0.18702245091359634,0.13768512194327756,0.14278467110788662,0.16443221,0.11768758757446651
2026-04-01,0.1873384189294477,0.12886335726059361,0.2950746697884478,0.30559847,0.1188004439109616
