Price,Close
2015-01-02,171.09371948242188
2015-01-05,168.00381469726562
2015-01-06,166.42138671875
2015-01-07,168.49517822265625
2015-01-08,171.4851531982422
2015-01-09,170.11097717285156
2015-01-12,168.7783203125
2015-01-13,168.3036346435547
2015-01-14,167.28759765625
2015-01-15,165.755126953125
2015-01-16,167.9288330078125
2015-01-20,168.2869415283203
2015-01-21,169.1364288330078
2015-01-22,171.65167236328125
2015-01-23,170.71054077148438
2015-01-26,171.11036682128906
2015-01-27,168.85333251953125
2015-01-28,166.6879119873047
2015-01-29,168.22866821289062
2015-01-30,166.1132049560547
2015-02-02,168.17037963867188
2015-02-03,170.602294921875
2015-02-04,169.9527130126953
2015-02-05,171.66831970214844
2015-02-06,171.19363403320312
2015-02-09,170.42739868164062
2015-02-10,172.24302673339844
2015-02-11,172.34298706054688
2015-02-12,174.00038146972656
2015-02-13,174.7166290283203
2015-02-17,174.991455078125
2015-02-18,175.0081024169922
2015-02-19,174.88319396972656
2015-02-20,175.93258666992188
2015-02-23,175.90762329101562
2015-02-24,176.4073028564453
2015-02-25,176.25743103027344
2015-02-26,176.04920959472656
2015-02-27,175.44956970214844
2015-03-02,176.55726623535156
2015-03-03,175.83262634277344
2015-03-04,175.09136962890625
2015-03-05,175.28302001953125
2015-03-06,172.81768798828125
2015-03-09,173.5339813232422
2015-03-10,170.71890258789062
2015-03-11,170.31912231445312
2015-03-12,172.4845733642578
2015-03-13,171.42686462402344
2015-03-16,173.71717834472656
2015-03-17,173.2008056640625
2015-03-18,175.28302001953125
2015-03-19,174.4834747314453
2015-03-20,176.02354431152344
2015-03-23,175.68055725097656
2015-03-24,174.6934356689453
2015-03-25,172.13348388671875
2015-03-26,171.72354125976562
2015-03-27,172.11676025390625
2015-03-30,174.2165985107422
2015-03-31,172.6940155029297
2015-04-01,172.0832977294922
2015-04-02,172.70236206054688
2015-04-06,173.8651885986328
2015-04-07,173.40509033203125
2015-04-08,173.9906768798828
2015-04-09,174.76036071777344
2015-04-10,175.7139892578125
2015-04-13,174.91929626464844
2015-04-14,175.25392150878906
2015-04-15,176.04026794433594
2015-04-16,175.99008178710938
2015-04-17,173.96554565429688
2015-04-20,175.5550994873047
2015-04-21,175.34591674804688
2015-04-22,176.20761108398438
2015-04-23,176.6510009765625
2015-04-24,177.06085205078125
2015-04-27,176.32469177246094
2015-04-28,176.88526916503906
2015-04-29,176.1574249267578
2015-04-30,174.39227294921875
2015-05-01,176.28286743164062
2015-05-04,176.78482055664062
2015-05-05,174.76036071777344
2015-05-06,174.04090881347656
2015-05-07,174.73526000976562
2015-05-08,177.03582763671875
2015-05-11,176.19082641601562
2015-05-12,175.6638641357422
2015-05-13,175.69732666015625
2015-05-14,177.52940368652344
2015-05-15,177.7218017578125
2015-05-18,178.2739715576172
2015-05-19,178.21542358398438
2015-05-20,178.08985900878906
2015-05-21,178.60858154296875
2015-05-22,178.18191528320312
2015-05-26,176.2661590576172
2015-05-27,177.93927001953125
2015-05-28,177.73854064941406
2015-05-29,176.63427734375
2015-06-01,176.99398803710938
2015-06-02,176.8183135986328
2015-06-03,177.28680419921875
2015-06-04,175.78929138183594
2015-06-05,175.4881134033203
2015-06-08,174.40895080566406
2015-06-09,174.38389587402344
2015-06-10,176.47532653808594
2015-06-11,177.04420471191406
2015-06-12,175.68894958496094
2015-06-15,174.93600463867188
2015-06-16,175.88967895507812
2015-06-17,176.1741180419922
2015-06-18,178.00625610351562
2015-06-19,177.2160186767578
2015-06-22,178.12391662597656
2015-06-23,178.25006103515625
2015-06-24,176.9553985595703
2015-06-25,176.4174346923828
2015-06-26,176.38380432128906
2015-06-29,172.6850128173828
2015-06-30,173.0464324951172
2015-07-01,174.43348693847656
2015-07-02,174.27377319335938
2015-07-06,173.77781677246094
2015-07-07,174.8706512451172
2015-07-08,171.9368133544922
2015-07-09,172.247802734375
2015-07-10,174.41668701171875
2015-07-13,176.34173583984375
2015-07-14,177.1067352294922
2015-07-15,177.04788208007812
2015-07-16,178.46861267089844
2015-07-17,178.61990356445312
2015-07-20,178.7123565673828
2015-07-21,178.00625610351562
2015-07-22,177.686767578125
2015-07-23,176.68646240234375
2015-07-24,174.8538360595703
2015-07-27,173.83665466308594
2015-07-28,175.97189331054688
2015-07-29,177.18235778808594
2015-07-30,177.2244110107422
2015-07-31,176.9553985595703
2015-08-03,176.35858154296875
2015-08-04,176.01394653320312
2015-08-05,176.59397888183594
2015-08-06,175.1480255126953
2015-08-07,174.81179809570312
2015-08-10,177.0142822265625
2015-08-11,175.41705322265625
2015-08-12,175.62722778320312
2015-08-13,175.40863037109375
2015-08-14,176.04759216308594
2015-08-17,177.0310516357422
2015-08-18,176.51829528808594
2015-08-19,175.12286376953125
2015-08-20,171.46600341796875
2015-08-21,166.3044891357422
2015-08-24,159.3019256591797
2015-08-25,157.42726135253906
2015-08-26,163.4716033935547
2015-08-27,167.5150146484375
2015-08-28,167.52340698242188
2015-08-31,166.16993713378906
2015-09-01,161.21022033691406
2015-09-02,164.2700958251953
2015-09-03,164.38783264160156
2015-09-04,161.89950561523438
2015-09-08,165.96826171875
2015-09-09,163.7489013671875
2015-09-10,164.6400146484375
2015-09-11,165.38819885253906
2015-09-14,164.77447509765625
2015-09-15,166.83412170410156
2015-09-16,168.2799530029297
2015-09-17,167.9016876220703
2015-09-18,165.15794372558594
2015-09-21,166.0113983154297
2015-09-22,163.8566436767578
2015-09-23,163.5946807861328
2015-09-24,163.0031280517578
2015-09-25,162.96090698242188
2015-09-28,158.87103271484375
2015-09-29,158.96397399902344
2015-09-30,161.9299774169922
2015-10-01,162.3524627685547
2015-10-02,164.77767944335938
2015-10-05,167.70985412597656
2015-10-06,167.13525390625
2015-10-07,168.50424194335938
2015-10-08,170.02520751953125
2015-10-09,170.1266326904297
2015-10-12,170.28717041015625
2015-10-13,169.2140350341797
2015-10-14,168.40280151367188
2015-10-15,170.98855590820312
2015-10-16,171.7659454345703
2015-10-19,171.85044860839844
2015-10-20,171.6307373046875
2015-10-21,170.56605529785156
2015-10-22,173.44754028320312
2015-10-23,175.34881591796875
2015-10-26,174.91783142089844
2015-10-27,174.579833984375
2015-10-28,176.56556701660156
2015-10-29,176.46424865722656
2015-10-30,175.70370483398438
2015-11-02,177.782470703125
2015-11-03,178.29788208007812
2015-11-04,177.7571258544922
2015-11-05,177.57968139648438
2015-11-06,177.4866943359375
2015-11-09,175.8304901123047
2015-11-10,176.23609924316406
2015-11-11,175.54318237304688
2015-11-12,173.0925750732422
2015-11-13,171.14907836914062
2015-11-16,173.7516632080078
2015-11-17,173.62501525878906
2015-11-18,176.37969970703125
2015-11-19,176.2276611328125
2015-11-20,176.8698272705078
2015-11-23,176.66705322265625
2015-11-24,176.90367126464844
2015-11-25,176.87831115722656
2015-11-27,177.0811004638672
2015-11-30,176.34593200683594
2015-12-01,178.0275115966797
2015-12-02,176.21075439453125
2015-12-03,173.7432861328125
2015-12-04,177.13182067871094
2015-12-07,176.05857849121094
2015-12-08,174.87559509277344
2015-12-09,173.51513671875
2015-12-10,173.96304321289062
2015-12-11,170.59136962890625
2015-12-14,171.45330810546875
2015-12-15,173.253173828125
2015-12-16,175.7882080078125
2015-12-17,173.1094970703125
2015-12-18,170.0255584716797
2015-12-21,171.4281005859375
2015-12-22,172.98373413085938
2015-12-23,175.12582397460938
2015-12-24,174.8368377685547
2015-12-28,174.43728637695312
2015-12-29,176.29884338378906
2015-12-30,175.04930114746094
2015-12-31,173.2982177734375
2016-01-04,170.8756103515625
2016-01-05,171.16465759277344
2016-01-06,169.0055694580078
2016-01-07,164.9508056640625
2016-01-08,163.1402130126953
2016-01-11,163.3017578125
2016-01-12,164.61929321289062
2016-01-13,160.5135498046875
2016-01-14,163.1487274169922
2016-01-15,159.6465301513672
2016-01-19,159.85906982421875
2016-01-20,157.81044006347656
2016-01-21,158.69448852539062
2016-01-22,161.9501190185547
2016-01-25,159.50205993652344
2016-01-26,161.6781005859375
2016-01-27,159.9185028076172
2016-01-28,160.75155639648438
2016-01-29,164.67034912109375
2016-02-01,164.61073303222656
2016-02-02,161.64419555664062
2016-02-03,162.61318969726562
2016-02-04,162.86822509765625
2016-02-05,159.7655792236328
2016-02-08,157.61495971679688
2016-02-09,157.62344360351562
2016-02-10,157.48744201660156
2016-02-11,155.43881225585938
2016-02-12,158.64353942871094
2016-02-16,161.32113647460938
2016-02-17,163.95626831054688
2016-02-18,163.28472900390625
2016-02-19,163.20823669433594
2016-02-22,165.5713348388672
2016-02-23,163.48025512695312
2016-02-24,164.22825622558594
2016-02-25,166.2173614501953
2016-02-26,165.8348846435547
2016-02-29,164.53424072265625
2016-03-01,168.4019775390625
2016-03-02,169.1585235595703
2016-03-03,169.82156372070312
2016-03-04,170.37408447265625
2016-03-07,170.51004028320312
2016-03-08,168.6484832763672
2016-03-09,169.48155212402344
2016-03-10,169.6175537109375
2016-03-11,172.35467529296875
2016-03-14,172.13368225097656
2016-03-15,171.8531494140625
2016-03-16,172.84768676757812
2016-03-17,173.9442901611328
2016-03-18,174.6277618408203
2016-03-21,174.87557983398438
2016-03-22,174.7815704345703
2016-03-23,173.62811279296875
2016-03-24,173.55116271972656
2016-03-28,173.65380859375
2016-03-29,175.26004028320312
2016-03-30,176.02903747558594
2016-03-31,175.6018524169922
2016-04-01,176.7980194091797
2016-04-04,176.22557067871094
2016-04-05,174.46543884277344
2016-04-06,176.37081909179688
2016-04-07,174.2604217529297
2016-04-08,174.7303466796875
2016-04-11,174.3201904296875
2016-04-12,175.943603515625
2016-04-13,177.7208251953125
2016-04-14,177.72935485839844
2016-04-15,177.53285217285156
2016-04-18,178.78030395507812
2016-04-19,179.34425354003906
2016-04-20,179.51512145996094
2016-04-21,178.54959106445312
2016-04-22,178.54959106445312
2016-04-25,178.24205017089844
2016-04-26,178.5069122314453
2016-04-27,178.87432861328125
2016-04-28,177.2509002685547
2016-04-29,176.2939453125
2016-05-02,177.69522094726562
2016-05-03,176.148681640625
2016-05-04,175.1660919189453
2016-05-05,175.13189697265625
2016-05-06,175.77276611328125
2016-05-09,175.91796875
2016-05-10,178.1052703857422
2016-05-11,176.43917846679688
2016-05-12,176.49044799804688
2016-05-13,174.95245361328125
2016-05-16,176.6783905029297
2016-05-17,175.02935791015625
2016-05-18,175.08062744140625
2016-05-19,174.47396850585938
2016-05-20,175.57620239257812
2016-05-23,175.3369598388672
2016-05-24,177.6097412109375
2016-05-25,178.8144989013672
2016-05-26,178.86572265625
2016-05-27,179.63478088378906
2016-05-31,179.29298400878906
2016-06-01,179.6603240966797
2016-06-02,180.2071990966797
2016-06-03,179.66888427734375
2016-06-06,180.58316040039065
2016-06-07,180.8651123046875
2016-06-08,181.4546813964844
2016-06-09,181.20692443847656
2016-06-10,179.489501953125
2016-06-13,178.1052703857422
2016-06-14,177.75498962402344
2016-06-15,177.50723266601562
2016-06-16,178.03695678710938
2016-06-17,177.37391662597656
2016-06-20,178.51617431640625
2016-06-21,179.02293395996094
2016-06-22,178.73095703125
2016-06-23,181.05844116210935
2016-06-24,174.55682373046875
2016-06-27,171.4304962158203
2016-06-28,174.52243041992188
2016-06-29,177.49412536621094
2016-06-30,179.91619873046875
2016-07-01,180.2940673828125
2016-07-05,178.99717712402344
2016-07-06,180.07077026367188
2016-07-07,179.95913696289062
2016-07-08,182.63877868652344
2016-07-11,183.28294372558597
2016-07-12,184.6141815185547
2016-07-13,184.5884246826172
2016-07-14,185.61911010742188
2016-07-15,185.37001037597656
2016-07-18,185.8681640625
2016-07-19,185.6791839599609
2016-07-20,186.45216369628903
2016-07-21,185.74794006347656
2016-07-22,186.58099365234372
2016-07-25,186.0742950439453
2016-07-26,186.1601409912109
2016-07-27,185.9626617431641
2016-07-28,186.1773376464844
2016-07-29,186.47792053222656
2016-08-01,186.3234100341797
2016-08-02,185.12950134277344
2016-08-03,185.67062377929688
2016-08-04,185.8681640625
2016-08-05,187.3883209228516
2016-08-08,187.2766876220703
2016-08-09,187.3883209228516
2016-08-10,186.92454528808597
2016-08-11,187.7920379638672
2016-08-12,187.6288909912109
2016-08-15,188.1699066162109
2016-08-16,187.19937133789065
2016-08-17,187.55149841308597
2016-08-18,187.9723663330078
2016-08-19,187.69754028320312
2016-08-22,187.68898010253903
2016-08-23,188.06683349609372
2016-08-24,187.1049346923828
2016-08-25,186.9761199951172
2016-08-26,186.6239013671875
2016-08-29,187.54296875
2016-08-30,187.23377990722656
2016-08-31,186.7012634277344
2016-09-01,186.70982360839844
2016-09-02,187.55149841308597
2016-09-06,188.11843872070312
2016-09-07,188.10122680664065
2016-09-08,187.67176818847656
2016-09-09,183.1798553466797
2016-09-12,185.8079833984375
2016-09-13,183.13690185546875
2016-09-14,183.06822204589844
2016-09-15,184.89761352539065
2016-09-16,184.1828765869141
2016-09-19,184.21743774414065
2016-09-20,184.2259979248047
2016-09-21,186.29779052734372
2016-09-22,187.4716644287109
2016-09-23,186.44451904296875
2016-09-26,184.93386840820312
2016-09-27,186.08197021484372
2016-09-28,187.00552368164065
2016-09-29,185.31369018554688
2016-09-30,186.7120513916016
2016-10-03,186.2632293701172
2016-10-04,185.31369018554688
2016-10-05,186.13372802734372
2016-10-06,186.2632293701172
2016-10-07,185.6244201660156
2016-10-10,186.5912170410156
2016-10-11,184.23464965820312
2016-10-12,184.47637939453125
2016-10-13,183.8721160888672
2016-10-14,183.9670867919922
2016-10-17,183.3282928466797
2016-10-18,184.47637939453125
2016-10-19,184.9683990478516
2016-10-20,184.62310791015625
2016-10-21,184.7094573974609
2016-10-24,185.4949188232422
2016-10-25,184.8734588623047
2016-10-26,184.50228881835935
2016-10-27,184.0102386474609
2016-10-28,183.4664001464844
2016-10-31,183.47506713867188
2016-11-01,182.14573669433597
2016-11-02,181.04946899414065
2016-11-03,180.2207489013672
2016-11-04,180.02223205566406
2016-11-07,183.9929656982422
2016-11-08,184.8216552734375
2016-11-09,186.7811279296875
2016-11-10,187.24728393554688
2016-11-11,186.81564331054688
2016-11-14,186.96241760253903
2016-11-15,188.4211883544922
2016-11-16,188.06727600097656
2016-11-17,189.0340881347656
2016-11-18,188.6111297607422
2016-11-21,190.03543090820312
2016-11-22,190.40663146972656
2016-11-23,190.5102081298828
2016-11-25,191.218017578125
2016-11-28,190.3202209472656
2016-11-29,190.69146728515625
2016-11-30,190.23394775390625
2016-12-01,189.5348358154297
2016-12-02,189.62973022460935
2016-12-05,190.7691192626953
2016-12-06,191.37339782714844
2016-12-07,193.87669372558597
2016-12-08,194.3514404296875
2016-12-09,195.5254669189453
2016-12-12,195.3009796142578
2016-12-13,196.60443115234372
2016-12-14,194.98159790039065
2016-12-15,195.78439331054688
2016-12-16,195.40147399902344
2016-12-19,195.82696533203125
2016-12-20,196.58236694335935
2016-12-21,196.0353546142578
2016-12-22,195.6966857910156
2016-12-23,195.98326110839844
2016-12-27,196.4695281982422
2016-12-28,194.8457794189453
2016-12-29,194.80235290527344
2016-12-30,194.09036254882807
2017-01-03,195.5751800537109
2017-01-04,196.7386779785156
2017-01-05,196.58236694335935
2017-01-06,197.2857208251953
2017-01-09,196.6344757080078
2017-01-10,196.6344757080078
2017-01-11,197.190185546875
2017-01-12,196.6952362060547
2017-01-13,197.14678955078125
2017-01-17,196.4521331787109
2017-01-18,196.88626098632807
2017-01-19,196.1569061279297
2017-01-20,196.87759399414065
2017-01-23,196.36529541015625
2017-01-24,197.6243438720703
2017-01-25,199.3349151611328
2017-01-26,199.1265411376953
2017-01-27,198.8138732910156
2017-01-30,197.58094787597656
2017-01-31,197.5635986328125
2017-02-01,197.6416473388672
2017-02-02,197.77197265625
2017-02-03,199.1351776123047
2017-02-06,198.7791748046875
2017-02-07,198.787841796875
2017-02-08,199.0483245849609
2017-02-09,200.2292022705078
2017-02-10,201.0193634033203
2017-02-13,202.1134796142578
2017-02-14,202.92092895507807
2017-02-15,203.9803009033203
2017-02-16,203.80661010742188
2017-02-17,204.12786865234372
2017-02-21,205.34347534179688
2017-02-22,205.16119384765625
2017-02-23,205.30001831054688
2017-02-24,205.56060791015625
2017-02-27,205.88185119628903
2017-02-28,205.3260955810547
2017-03-01,208.20016479492188
2017-03-02,206.88902282714844
2017-03-03,207.0193023681641
2017-03-06,206.40280151367188
2017-03-07,205.7863311767578
2017-03-08,205.40426635742188
2017-03-09,205.66477966308597
2017-03-10,206.38546752929688
2017-03-13,206.4896240234375
2017-03-14,205.6995086669922
2017-03-15,207.4794769287109
2017-03-16,207.0713806152344
2017-03-17,206.7077178955078
2017-03-20,206.48101806640625
2017-03-21,203.8298797607422
2017-03-22,204.30950927734372
2017-03-23,204.09152221679688
2017-03-24,203.9432678222656
2017-03-27,203.7339782714844
2017-03-28,205.2165069580078
2017-03-29,205.4082946777344
2017-03-30,206.0624084472656
2017-03-31,205.5828094482422
2017-04-03,205.22520446777344
2017-04-04,205.3560028076172
2017-04-05,204.74554443359372
2017-04-06,205.32115173339844
2017-04-07,205.11187744140625
2017-04-10,205.23394775390625
2017-04-11,204.98980712890625
2017-04-12,204.09152221679688
2017-04-13,202.76596069335935
2017-04-17,204.5624542236328
2017-04-18,203.9519805908203
2017-04-19,203.57696533203125
2017-04-20,205.23394775390625
2017-04-21,204.5798797607422
2017-04-24,206.82980346679688
2017-04-25,208.03330993652344
2017-04-26,207.90245056152344
2017-04-27,208.07687377929688
2017-04-28,207.62342834472656
2017-05-01,208.14666748046875
2017-05-02,208.22512817382807
2017-05-03,207.9722442626953
2017-05-04,208.21641540527344
2017-05-05,209.03616333007807
2017-05-08,209.00128173828125
2017-05-09,208.80946350097656
2017-05-10,209.1844482421875
2017-05-11,208.7571258544922
2017-05-12,208.40835571289065
2017-05-15,209.55946350097656
2017-05-16,209.3675537109375
2017-05-17,205.6525421142578
2017-05-18,206.48101806640625
2017-05-19,207.82400512695312
2017-05-22,208.87921142578125
2017-05-23,209.3413848876953
2017-05-24,209.82974243164065
2017-05-25,210.83262634277344
2017-05-26,210.78903198242188
2017-05-30,210.60592651367188
2017-05-31,210.55360412597656
2017-06-01,212.22796630859372
2017-06-02,212.93435668945312
2017-06-05,212.77737426757807
2017-06-06,212.09716796875
2017-06-07,212.48960876464844
2017-06-08,212.59420776367188
2017-06-09,212.2716064453125
2017-06-12,212.22796630859372
2017-06-13,213.2657623291016
2017-06-14,212.9954376220703
2017-06-15,212.5855407714844
2017-06-16,212.63198852539065
2017-06-19,214.40216064453125
2017-06-20,212.9562225341797
2017-06-21,212.90365600585935
2017-06-22,212.8072204589844
2017-06-23,213.0613555908203
2017-06-26,213.20159912109372
2017-06-27,211.4839630126953
2017-06-28,213.3768615722656
2017-06-29,211.50148010253903
2017-06-30,211.8958740234375
2017-07-03,212.25515747070312
2017-07-05,212.74594116210935
2017-07-06,210.80047607421875
2017-07-07,212.16754150390625
2017-07-10,212.39535522460935
2017-07-11,212.23760986328125
2017-07-12,213.8325042724609
2017-07-13,214.1918487548828
2017-07-14,215.19085693359372
2017-07-17,215.16455078125
2017-07-18,215.2784576416016
2017-07-19,216.4440155029297
2017-07-20,216.5404052734375
2017-07-21,216.34762573242188
2017-07-24,216.2950592041016
2017-07-25,216.82081604003903
2017-07-26,216.82958984375
2017-07-27,216.6279754638672
2017-07-28,216.3739013671875
2017-07-31,216.25120544433597
2017-08-01,216.7332000732422
2017-08-02,216.83834838867188
2017-08-03,216.4176788330078
2017-08-04,216.81204223632807
2017-08-07,217.2151641845703
2017-08-08,216.6805725097656
2017-08-09,216.67184448242188
2017-08-10,213.61346435546875
2017-08-11,213.92889404296875
2017-08-14,216.04962158203125
2017-08-15,216.0233612060547
2017-08-16,216.4001617431641
2017-08-17,213.0263519287109
2017-08-18,212.6933135986328
2017-08-21,212.8598175048828
2017-08-22,215.0857086181641
2017-08-23,214.31455993652344
2017-08-24,213.8149871826172
2017-08-25,214.31455993652344
2017-08-28,214.3232879638672
2017-08-29,214.5686492919922
2017-08-30,215.58523559570312
2017-08-31,216.88217163085935
2017-09-01,217.1889190673828
2017-09-05,215.62901306152344
2017-09-06,216.3651123046875
2017-09-07,216.3388214111328
2017-09-08,216.084716796875
2017-09-11,218.38943481445312
2017-09-12,219.1255645751953
2017-09-13,219.2307281494141
2017-09-14,219.1605987548828
2017-09-15,219.4556427001953
2017-09-18,219.92242431640625
2017-09-19,220.1425628662109
2017-09-20,220.22183227539065
2017-09-21,219.6317901611328
2017-09-22,219.6758270263672
2017-09-25,219.2266998291016
2017-09-26,219.35877990722656
2017-09-27,220.2130584716797
2017-09-28,220.4772491455078
2017-09-29,221.25222778320312
2017-10-02,222.21212768554688
2017-10-03,222.68772888183597
2017-10-04,222.9519195556641
2017-10-05,224.27296447753903
2017-10-06,224.0175018310547
2017-10-09,223.64767456054688
2017-10-10,224.2377014160156
2017-10-11,224.58995056152344
2017-10-12,224.25531005859372
2017-10-13,224.52833557128903
2017-10-16,224.8277282714844
2017-10-17,224.9862823486328
2017-10-18,225.2064208984375
2017-10-19,225.26808166503903
2017-10-20,226.4306182861328
2017-10-23,225.5498962402344
2017-10-24,225.9461975097656
2017-10-25,224.8277282714844
2017-10-26,225.11837768554688
2017-10-27,226.9589691162109
2017-10-30,226.11355590820312
2017-10-31,226.46578979492188
2017-11-01,226.7652282714844
2017-11-02,226.8533477783203
2017-11-03,227.6107177734375
2017-11-06,227.96299743652344
2017-11-07,227.80447387695312
2017-11-08,228.19189453125
2017-11-09,227.3641357421875
2017-11-10,227.29367065429688
2017-11-13,227.50498962402344
2017-11-14,226.97662353515625
2017-11-15,225.840576171875
2017-11-16,227.76043701171875
2017-11-17,227.0910797119141
2017-11-20,227.4785919189453
2017-11-21,228.9668884277344
2017-11-22,228.76438903808597
2017-11-24,229.29278564453125
2017-11-27,229.1782989501953
2017-11-28,231.5032501220703
2017-11-29,231.36236572265625
2017-11-30,233.3879547119141
2017-12-01,232.90353393554688
2017-12-04,232.6217498779297
2017-12-05,231.7850799560547
2017-12-06,231.82911682128903
2017-12-07,232.56007385253903
2017-12-08,233.8282470703125
2017-12-11,234.5327911376953
2017-12-12,234.9467620849609
2017-12-13,234.9203186035156
2017-12-14,233.9604034423828
2017-12-15,235.90866088867188
2017-12-18,237.40464782714844
2017-12-19,236.49290466308597
2017-12-20,236.36895751953125
2017-12-21,236.8557891845703
2017-12-22,236.7938232421875
2017-12-26,236.5105743408203
2017-12-27,236.6256256103516
2017-12-28,237.1124725341797
2017-12-29,236.21841430664065
2018-01-02,237.90914916992188
2018-01-03,239.41392517089844
2018-01-04,240.42308044433597
2018-01-05,242.02523803710935
2018-01-08,242.4678955078125
2018-01-09,243.0166015625
2018-01-10,242.64488220214844
2018-01-11,244.41519165039065
2018-01-12,246.0084686279297
2018-01-16,245.1676177978516
2018-01-17,247.50442504882807
2018-01-18,247.0884552001953
2018-01-19,248.2126007080078
2018-01-22,250.23080444335935
2018-01-23,250.761962890625
2018-01-24,250.6644744873047
2018-01-25,250.77078247070312
2018-01-26,253.67416381835935
2018-01-29,251.9922790527344
2018-01-30,249.4076690673828
2018-01-31,249.531494140625
2018-02-01,249.24822998046875
2018-02-02,243.82208251953125
2018-02-05,233.62489318847656
2018-02-06,238.22776794433597
2018-02-07,236.93548583984372
2018-02-08,228.04827880859372
2018-02-09,231.47390747070312
2018-02-12,234.873046875
2018-02-13,235.45721435546875
2018-02-14,238.63494873046875
2018-02-15,241.6799774169922
2018-02-16,241.7508087158203
2018-02-20,240.2372131347656
2018-02-21,239.0421905517578
2018-02-22,239.3520050048828
2018-02-23,243.1671600341797
2018-02-26,245.9908599853516
2018-02-27,242.91932678222656
2018-02-28,240.4584197998047
2018-03-01,236.96202087402344
2018-03-02,238.1835174560547
2018-03-05,240.9364776611328
2018-03-06,241.54725646972656
2018-03-07,241.4586944580078
2018-03-08,242.62716674804688
2018-03-09,246.84947204589844
2018-03-12,246.53965759277344
2018-03-13,244.9463653564453
2018-03-14,243.68939208984372
2018-03-15,243.42379760742188
2018-03-16,243.687744140625
2018-03-19,240.390625
2018-03-20,240.79937744140625
2018-03-21,240.3372039794922
2018-03-22,234.3295135498047
2018-03-23,229.3348693847656
2018-03-26,235.60922241210935
2018-03-27,231.60108947753903
2018-03-28,230.9167633056641
2018-03-29,233.86737060546875
2018-04-02,228.8194580078125
2018-04-03,231.752197265625
2018-04-04,234.2317657470703
2018-04-05,236.08029174804688
2018-04-06,230.81906127929688
2018-04-09,231.95660400390625
2018-04-10,235.6448211669922
2018-04-11,234.4095764160156
2018-04-12,236.3380279541016
2018-04-13,235.6448211669922
2018-04-16,237.58221435546875
2018-04-17,240.12396240234372
2018-04-18,240.3017120361328
2018-04-19,238.96864318847656
2018-04-20,236.94232177734372
2018-04-23,236.9068145751953
2018-04-24,233.71633911132807
2018-04-25,234.29397583007807
2018-04-26,236.6757354736328
2018-04-27,236.8979339599609
2018-04-30,235.0760040283203
2018-05-01,235.4937438964844
2018-05-02,233.9117889404297
2018-05-03,233.39633178710935
2018-05-04,236.41799926757807
2018-05-07,237.2178497314453
2018-05-08,237.2178497314453
2018-05-09,239.5107879638672
2018-05-10,241.7502899169922
2018-05-11,242.4879608154297
2018-05-14,242.6034698486328
2018-05-15,240.9327545166016
2018-05-16,241.94580078125
2018-05-17,241.741455078125
2018-05-18,241.1371154785156
2018-05-21,242.95016479492188
2018-05-22,242.27468872070312
2018-05-23,242.9412078857422
2018-05-24,242.44354248046875
2018-05-25,241.8658142089844
2018-05-29,239.0841522216797
2018-05-30,242.27468872070312
2018-05-31,240.7904357910156
2018-06-01,243.154541015625
2018-06-04,244.3098602294922
2018-06-05,244.4876251220703
2018-06-06,246.53170776367188
2018-06-07,246.5050506591797
2018-06-08,247.2337646484375
2018-06-11,247.5625762939453
2018-06-12,247.8825836181641
2018-06-13,247.0915069580078
2018-06-14,247.71365356445312
2018-06-15,247.3976287841797
2018-06-18,246.88890075683597
2018-06-19,245.94253540039065
2018-06-20,246.36216735839844
2018-06-21,244.81768798828125
2018-06-22,245.26402282714844
2018-06-25,241.9253845214844
2018-06-26,242.4610290527344
2018-06-27,240.45236206054688
2018-06-28,241.82720947265625
2018-06-29,242.17535400390625
2018-07-02,242.6930084228516
2018-07-03,241.8360137939453
2018-07-05,243.8089599609375
2018-07-06,245.8711395263672
2018-07-09,248.0850830078125
2018-07-10,248.97784423828125
2018-07-11,247.15660095214844
2018-07-12,249.39732360839844
2018-07-13,249.59378051757807
2018-07-16,249.37057495117188
2018-07-17,250.3793182373047
2018-07-18,250.9060516357422
2018-07-19,249.95974731445312
2018-07-20,249.67404174804688
2018-07-23,250.1383209228516
2018-07-24,251.3969573974609
2018-07-25,253.5395965576172
2018-07-26,252.94146728515625
2018-07-27,251.2274627685547
2018-07-30,249.9151306152344
2018-07-31,251.14707946777344
2018-08-01,250.7274627685547
2018-08-02,252.09332275390625
2018-08-03,253.1734771728516
2018-08-06,254.10191345214844
2018-08-07,254.94107055664065
2018-08-08,254.83392333984372
2018-08-09,254.48587036132807
2018-08-10,252.78073120117188
2018-08-13,251.83441162109372
2018-08-14,253.4413146972656
2018-08-15,251.5487823486328
2018-08-16,253.58425903320312
2018-08-17,254.4769287109375
2018-08-20,255.02145385742188
2018-08-21,255.61949157714844
2018-08-22,255.4678497314453
2018-08-23,255.1285400390625
2018-08-24,256.6640014648437
2018-08-27,258.6905212402344
2018-08-28,258.8155212402344
2018-08-29,260.20806884765625
2018-08-30,259.1547241210937
2018-08-31,259.1636962890625
2018-09-04,258.7172241210937
2018-09-05,258.0209655761719
2018-09-06,257.2442626953125
2018-09-07,256.7444152832031
2018-09-10,257.19073486328125
2018-09-11,258.0387878417969
2018-09-12,258.10125732421875
2018-09-13,259.6278381347656
2018-09-14,259.6724853515625
2018-09-17,258.2976379394531
2018-09-18,259.69927978515625
2018-09-19,259.9760131835937
2018-09-20,262.0828552246094
2018-09-21,261.8433837890625
2018-09-24,260.9735107421875
2018-09-25,260.7313537597656
2018-09-26,259.9512023925781
2018-09-27,260.6776428222656
2018-09-28,260.7044982910156
2018-10-01,261.6102294921875
2018-10-02,261.45782470703125
2018-10-03,261.6012878417969
2018-10-04,259.5565795898437
2018-10-05,258.1038513183594
2018-10-08,258.1038513183594
2018-10-09,257.72723388671875
2018-10-10,249.56675720214844
2018-10-11,244.0696563720703
2018-10-12,247.4594268798828
2018-10-15,246.0693817138672
2018-10-16,251.44993591308597
2018-10-17,251.49481201171875
2018-10-18,247.8629608154297
2018-10-19,247.72837829589844
2018-10-22,246.6164703369141
2018-10-23,245.3609771728516
2018-10-24,237.92686462402344
2018-10-25,242.1954345703125
2018-10-26,237.93588256835935
2018-10-29,236.61761474609372
2018-10-30,240.1239013671875
2018-10-31,242.68865966796875
2018-11-01,245.2713623046875
2018-11-02,243.8186187744141
2018-11-05,245.1637725830078
2018-11-06,246.715087890625
2018-11-07,251.9969787597656
2018-11-08,251.53970336914065
2018-11-09,249.0825653076172
2018-11-12,244.42840576171875
2018-11-13,243.97103881835935
2018-11-14,242.3030548095703
2018-11-15,244.83189392089844
2018-11-16,245.4686279296875
2018-11-19,241.3166961669922
2018-11-20,236.85076904296875
2018-11-21,237.6578521728516
2018-11-23,236.0706024169922
2018-11-26,239.88186645507807
2018-11-27,240.68893432617188
2018-11-28,246.23081970214844
2018-11-29,245.69287109375
2018-11-30,247.1903839111328
2018-12-03,250.46360778808597
2018-12-04,242.34788513183597
2018-12-06,241.9802398681641
2018-12-07,236.35757446289065
2018-12-10,236.80596923828125
2018-12-11,236.85980224609372
2018-12-12,238.05242919921875
2018-12-13,237.9717254638672
2018-12-14,233.57763671875
2018-12-17,228.99526977539065
2018-12-18,228.744140625
2018-12-19,225.31854248046875
2018-12-20,221.6508026123047
2018-12-21,217.10926818847656
2018-12-24,211.3726501464844
2018-12-26,222.0522003173828
2018-12-27,223.7570343017578
2018-12-28,223.46832275390625
2018-12-31,225.4256591796875
2019-01-02,225.66015625
2019-01-03,220.2752990722656
2019-01-04,227.65353393554688
2019-01-07,229.44854736328125
2019-01-08,231.6042938232422
2019-01-09,232.6866912841797
2019-01-10,233.5074920654297
2019-01-11,233.59768676757807
2019-01-14,232.1725311279297
2019-01-15,234.8334197998047
2019-01-16,235.40167236328125
2019-01-17,237.1876220703125
2019-01-18,240.34458923339844
2019-01-22,237.097412109375
2019-01-23,237.593505859375
2019-01-24,237.71983337402344
2019-01-25,239.7312164306641
2019-01-28,237.90924072265625
2019-01-29,237.593505859375
2019-01-30,241.35479736328125
2019-01-31,243.4745178222656
2019-02-01,243.59173583984372
2019-02-04,245.3055419921875
2019-02-05,246.33380126953125
2019-02-06,246.00901794433597
2019-02-07,243.6638946533203
2019-02-08,243.96157836914065
2019-02-11,244.09686279296875
2019-02-12,247.2357635498047
2019-02-13,248.03854370117188
2019-02-14,247.48834228515625
2019-02-15,250.1853790283203
2019-02-19,250.61822509765625
2019-02-20,251.1233062744141
2019-02-21,250.2304229736328
2019-02-22,251.78184509277344
2019-02-25,252.1246337890625
2019-02-26,251.9442138671875
2019-02-27,251.83596801757807
2019-02-28,251.3668212890625
2019-03-01,252.9364013671875
2019-03-04,252.0163726806641
2019-03-05,251.6736297607422
2019-03-06,250.149169921875
2019-03-07,248.0566253662109
2019-03-08,247.5604705810547
2019-03-11,251.150390625
2019-03-12,252.09751892089844
2019-03-13,253.76614379882807
2019-03-14,253.6038818359375
2019-03-15,254.8568572998047
2019-03-18,255.7809295654297
2019-03-19,255.84429931640625
2019-03-20,255.07421875
2019-03-21,257.95513916015625
2019-03-22,252.9906005859375
2019-03-25,252.80035400390625
2019-03-26,254.68463134765625
2019-03-27,253.35289001464844
2019-03-28,254.313232421875
2019-03-29,255.9167938232422
2019-04-01,258.95172119140625
2019-04-02,259.07861328125
2019-04-03,259.4862670898437
2019-04-04,260.1747741699219
2019-04-05,261.4340515136719
2019-04-08,261.6333923339844
2019-04-09,260.2926025390625
2019-04-10,261.180419921875
2019-04-11,261.1080017089844
2019-04-12,262.8746337890625
2019-04-15,262.7024230957031
2019-04-16,262.8746337890625
2019-04-17,262.2313842773437
2019-04-18,262.747802734375
2019-04-22,262.9742126464844
2019-04-23,265.3388671875
2019-04-24,264.7500915527344
2019-04-25,264.5868530273437
2019-04-26,265.819091796875
2019-04-29,266.2357482910156
2019-04-30,266.37164306640625
2019-05-01,264.3694763183594
2019-05-02,263.7987060546875
2019-05-03,266.3807067871094
2019-05-06,265.2845458984375
2019-05-07,260.8542785644531
2019-05-08,260.491943359375
2019-05-09,259.7037048339844
2019-05-10,261.0083312988281
2019-05-13,254.4491271972656
2019-05-14,256.7503356933594
2019-05-15,258.2541809082031
2019-05-16,260.6458435058594
2019-05-17,258.9607238769531
2019-05-20,257.2485656738281
2019-05-21,259.5678405761719
2019-05-22,258.7705993652344
2019-05-23,255.60873413085935
2019-05-24,256.1885986328125
2019-05-28,253.8058624267578
2019-05-29,252.10256958007807
2019-05-30,252.7912139892578
2019-05-31,249.38478088378903
2019-06-03,248.7506561279297
2019-06-04,254.15011596679688
2019-06-05,256.35162353515625
2019-06-06,258.01861572265625
2019-06-07,260.6005554199219
2019-06-10,261.7965087890625
2019-06-11,261.73309326171875
2019-06-12,261.2711181640625
2019-06-13,262.34912109375
2019-06-14,262.0592956542969
2019-06-17,262.158935546875
2019-06-18,264.9039611816406
2019-06-19,265.5018920898437
2019-06-20,268.0385437011719
2019-06-21,267.64898681640625
2019-06-24,267.3212280273437
2019-06-25,264.69940185546875
2019-06-26,264.43536376953125
2019-06-27,265.3729248046875
2019-06-28,266.7385559082031
2019-07-01,269.1601257324219
2019-07-02,269.8611755371094
2019-07-03,272.0186767578125
2019-07-05,271.70916748046875
2019-07-08,270.2161865234375
2019-07-09,270.5530700683594
2019-07-10,271.8457336425781
2019-07-11,272.4830322265625
2019-07-12,273.7030334472656
2019-07-15,273.7938842773437
2019-07-16,272.91082763671875
2019-07-17,271.0538024902344
2019-07-18,272.04595947265625
2019-07-19,270.5348205566406
2019-07-22,271.19940185546875
2019-07-23,273.1385192871094
2019-07-24,274.42205810546875
2019-07-25,273.1112365722656
2019-07-26,274.9410400390625
2019-07-29,274.4403686523437
2019-07-30,273.76666259765625
2019-07-31,270.771484375
2019-08-01,268.4136657714844
2019-08-02,266.39263916015625
2019-08-05,258.38134765625
2019-08-06,262.00469970703125
2019-08-07,262.1594543457031
2019-08-08,267.3029479980469
2019-08-09,265.4822082519531
2019-08-12,262.2505187988281
2019-08-13,266.3288879394531
2019-08-14,258.4541320800781
2019-08-15,259.13702392578125
2019-08-16,262.9605712890625
2019-08-19,266.12860107421875
2019-08-20,264.08941650390625
2019-08-21,266.23785400390625
2019-08-22,266.1558837890625
2019-08-23,259.3190002441406
2019-08-26,262.186767578125
2019-08-27,261.1579895019531
2019-08-28,262.9969787597656
2019-08-29,266.3561706542969
2019-08-30,266.23785400390625
2019-09-03,264.68121337890625
2019-09-04,267.68536376953125
2019-09-05,271.1265563964844
2019-09-06,271.3358764648437
2019-09-09,271.4725341796875
2019-09-10,271.4087829589844
2019-09-11,273.3388366699219
2019-09-12,274.2855224609375
2019-09-13,274.1034851074219
2019-09-16,273.25689697265625
2019-09-17,273.94873046875
2019-09-18,274.1125793457031
2019-09-19,274.0943603515625
2019-09-20,272.79931640625
2019-09-23,272.7351989746094
2019-09-24,270.5951843261719
2019-09-25,272.1957397460937
2019-09-26,271.628662109375
2019-09-27,270.1653747558594
2019-09-30,271.4183349609375
2019-10-01,268.1898193359375
2019-10-02,263.4524230957031
2019-10-03,265.6107482910156
2019-10-04,269.205078125
2019-10-07,268.04351806640625
2019-10-08,263.8822326660156
2019-10-09,266.3880615234375
2019-10-10,268.1898193359375
2019-10-11,270.97021484375
2019-10-14,270.66845703125
2019-10-15,273.34814453125
2019-10-16,272.9090881347656
2019-10-17,273.7139587402344
2019-10-18,272.5157775878906
2019-10-21,274.3633117675781
2019-10-22,273.4670104980469
2019-10-23,274.2625732421875
2019-10-24,274.7108154296875
2019-10-25,275.83575439453125
2019-10-28,277.3904724121094
2019-10-29,277.30816650390625
2019-10-30,278.1587219238281
2019-10-31,277.4179382324219
2019-11-01,279.9878845214844
2019-11-04,281.1128234863281
2019-11-05,280.80181884765625
2019-11-06,280.8658142089844
2019-11-07,281.8536071777344
2019-11-08,282.5487365722656
2019-11-11,282.00909423828125
2019-11-12,282.60357666015625
2019-11-13,282.69500732421875
2019-11-14,283.1065673828125
2019-11-15,285.1552429199219
2019-11-18,285.3656005859375
2019-11-19,285.2833251953125
2019-11-20,284.2223205566406
2019-11-21,283.7651062011719
2019-11-22,284.39599609375
2019-11-25,286.6002502441406
2019-11-26,287.2496643066406
2019-11-27,288.5300598144531
2019-11-29,287.4598999023437
2019-12-02,285.01806640625
2019-12-03,283.1065673828125
2019-12-04,284.8533935546875
2019-12-05,285.3656005859375
2019-12-06,287.9721069335937
2019-12-09,287.0667724609375
2019-12-10,286.74658203125
2019-12-11,287.5605773925781
2019-12-12,290.0391540527344
2019-12-13,290.2127990722656
2019-12-16,292.2066345214844
2019-12-17,292.2706604003906
2019-12-18,292.2888488769531
2019-12-19,293.48699951171875
2019-12-20,294.7737121582031
2019-12-23,295.2240600585937
2019-12-24,295.2332458496094
2019-12-26,296.8048095703125
2019-12-27,296.7312927246094
2019-12-30,295.0953674316406
2019-12-31,295.8122253417969
2020-01-02,298.57861328125
2020-01-03,296.3178100585937
2020-01-06,297.4482421875
2020-01-07,296.61187744140625
2020-01-08,298.192626953125
2020-01-09,300.2145690917969
2020-01-10,299.35064697265625
2020-01-13,301.40936279296875
2020-01-14,300.9498596191406
2020-01-15,301.6299743652344
2020-01-16,304.1390380859375
2020-01-17,305.0856628417969
2020-01-21,304.4882507324219
2020-01-22,304.5249938964844
2020-01-23,304.8742980957031
2020-01-24,302.1630859375
2020-01-27,297.3194885253906
2020-01-28,300.43524169921875
2020-01-29,300.18707275390625
2020-01-30,301.16131591796875
2020-01-31,295.6928100585937
2020-02-03,297.8893127441406
2020-02-04,302.4295654296875
2020-02-05,305.9219665527344
2020-02-06,306.9513854980469
2020-02-07,305.3154602050781
2020-02-10,307.5947570800781
2020-02-11,308.1278686523437
2020-02-12,310.11297607421875
2020-02-13,309.7821350097656
2020-02-14,310.2784423828125
2020-02-18,309.4788513183594
2020-02-19,310.9584655761719
2020-02-20,309.6809997558594
2020-02-21,306.49188232421875
2020-02-24,296.3269958496094
2020-02-25,287.3476257324219
2020-02-26,286.2906494140625
2020-02-27,273.43292236328125
2020-02-28,272.2840576171875
2020-03-02,284.07574462890625
2020-03-03,275.9419860839844
2020-03-04,287.54058837890625
2020-03-05,277.9822692871094
2020-03-06,273.38690185546875
2020-03-09,252.03689575195312
2020-03-10,265.0785217285156
2020-03-11,252.15635681152344
2020-03-12,228.03076171875
2020-03-13,247.52426147460935
2020-03-16,220.43923950195312
2020-03-17,232.34115600585935
2020-03-18,220.57708740234372
2020-03-19,221.04583740234372
2020-03-20,211.51995849609372
2020-03-23,206.1118011474609
2020-03-24,224.7862091064453
2020-03-25,228.15133666992188
2020-03-26,241.4730682373047
2020-03-27,234.2805633544922
2020-03-30,241.88900756835935
2020-03-31,238.28363037109372
2020-04-01,227.55967712402344
2020-04-02,232.8107147216797
2020-04-03,229.445556640625
2020-04-06,244.8565826416016
2020-04-07,245.1062469482422
2020-04-08,253.3340606689453
2020-04-09,257.1891784667969
2020-04-13,254.84085083007807
2020-04-14,262.3569641113281
2020-04-15,256.7823486328125
2020-04-16,258.02117919921875
2020-04-17,264.99169921875
2020-04-20,260.3231506347656
2020-04-21,252.41876220703125
2020-04-22,258.02117919921875
2020-04-23,258.00262451171875
2020-04-24,261.5989074707031
2020-04-27,265.37066650390625
2020-04-28,264.150390625
2020-04-29,271.0654296875
2020-04-30,268.541748046875
2020-05-01,261.4325256347656
2020-05-04,262.1535339355469
2020-05-05,264.5756225585937
2020-05-06,262.7821655273437
2020-05-07,265.9530944824219
2020-05-08,270.35369873046875
2020-05-11,270.4091491699219
2020-05-12,265.0194396972656
2020-05-13,260.3323974609375
2020-05-14,263.4478454589844
2020-05-15,264.6588439941406
2020-05-18,272.7203674316406
2020-05-19,269.919189453125
2020-05-20,274.5044860839844
2020-05-21,272.609375
2020-05-22,273.1270446777344
2020-05-26,276.4921569824219
2020-05-27,280.6061096191406
2020-05-28,280.0884704589844
2020-05-29,281.33642578125
2020-06-01,282.4734802246094
2020-06-02,284.8124084472656
2020-06-03,288.60272216796875
2020-06-04,287.8447265625
2020-06-05,295.2220764160156
2020-06-08,298.7904968261719
2020-06-09,296.5624694824219
2020-06-10,294.9077453613281
2020-06-11,277.9066467285156
2020-06-12,281.2346496582031
2020-06-15,283.860107421875
2020-06-16,289.3238830566406
2020-06-17,288.1220397949219
2020-06-18,288.2330017089844
2020-06-19,286.5857849121094
2020-06-22,288.4242248535156
2020-06-23,289.7520751953125
2020-06-24,282.36090087890625
2020-06-25,285.387939453125
2020-06-26,278.6095886230469
2020-06-29,282.7044372558594
2020-06-30,286.3258361816406
2020-07-01,288.3314208984375
2020-07-02,289.9192199707031
2020-07-06,294.3948059082031
2020-07-07,291.3584899902344
2020-07-08,293.58697509765625
2020-07-09,291.9156494140625
2020-07-10,294.8962097167969
2020-07-13,292.3427429199219
2020-07-14,296.1311950683594
2020-07-15,298.85186767578125
2020-07-16,297.8675537109375
2020-07-17,298.7311096191406
2020-07-20,301.1453552246094
2020-07-21,301.7860412597656
2020-07-22,303.5037841796875
2020-07-23,299.8825378417969
2020-07-24,297.9510803222656
2020-07-27,300.1239624023437
2020-07-28,298.2204284667969
2020-07-29,301.8881530761719
2020-07-30,300.81103515625
2020-07-31,303.1880187988281
2020-08-03,305.2959289550781
2020-08-04,306.4751281738281
2020-08-05,308.3786926269531
2020-08-06,310.4400329589844
2020-08-07,310.6629333496094
2020-08-10,311.5914306640625
2020-08-11,309.01934814453125
2020-08-12,313.3277893066406
2020-08-13,312.7613830566406
2020-08-14,312.7706604003906
2020-08-17,313.7642822265625
2020-08-18,314.44207763671875
2020-08-19,313.13287353515625
2020-08-20,314.1077880859375
2020-08-21,315.2220458984375
2020-08-24,318.4162902832031
2020-08-25,319.53045654296875
2020-08-26,322.7340087890625
2020-08-27,323.4396667480469
2020-08-28,325.52886962890625
2020-08-31,324.3495788574219
2020-09-01,327.40460205078125
2020-09-02,332.1401062011719
2020-09-03,320.7097473144531
2020-09-04,318.0912780761719
2020-09-08,309.4000244140625
2020-09-09,315.50994873046875
2020-09-10,310.0314636230469
2020-09-11,310.1893310546875
2020-09-14,314.27496337890625
2020-09-15,315.86279296875
2020-09-16,314.6092224121094
2020-09-17,311.8421936035156
2020-09-18,308.2519836425781
2020-09-21,304.8212585449219
2020-09-22,307.92578125
2020-09-23,300.78466796875
2020-09-24,301.5863037109375
2020-09-25,306.46209716796875
2020-09-28,311.5521850585937
2020-09-29,309.85546875
2020-09-30,312.204833984375
2020-10-01,314.2091979980469
2020-10-02,311.2259826660156
2020-10-05,316.7449645996094
2020-10-06,312.2421569824219
2020-10-07,317.6771545410156
2020-10-08,320.4925537109375
2020-10-09,323.3547058105469
2020-10-12,328.556640625
2020-10-13,326.4123840332031
2020-10-14,324.3614196777344
2020-10-15,323.9606018066406
2020-10-16,323.7648620605469
2020-10-19,318.8424987792969
2020-10-20,320.1197204589844
2020-10-21,319.51373291015625
2020-10-22,321.26641845703125
2020-10-23,322.35711669921875
2020-10-26,316.3999938964844
2020-10-27,315.30926513671875
2020-10-28,304.53228759765625
2020-10-29,307.6273498535156
2020-10-30,304.4203796386719
2020-11-02,307.8324890136719
2020-11-03,313.26763916015625
2020-11-04,320.2689208984375
2020-11-05,326.514892578125
2020-11-06,326.4403991699219
2020-11-09,330.5424194335937
2020-11-10,330.0575256347656
2020-11-11,332.509521484375
2020-11-12,329.2838134765625
2020-11-13,333.84259033203125
2020-11-16,338.00982666015625
2020-11-17,336.19189453125
2020-11-18,332.1458740234375
2020-11-19,333.5442199707031
2020-11-20,331.26025390625
2020-11-23,333.24591064453125
2020-11-24,338.6156921386719
2020-11-25,338.0936889648437
2020-11-27,339.0352783203125
2020-11-30,337.5343322753906
2020-12-01,341.22607421875
2020-12-02,341.9438781738281
2020-12-03,341.8507385253906
2020-12-04,344.79669189453125
2020-12-07,344.088134765625
2020-12-08,345.094970703125
2020-12-09,341.9998779296875
2020-12-10,341.8879699707031
2020-12-11,341.487060546875
2020-12-14,339.9582214355469
2020-12-15,344.5541687011719
2020-12-16,345.094970703125
2020-12-17,347.0247802734375
2020-12-18,345.6390991210937
2020-12-21,344.4033203125
2020-12-22,343.82281494140625
2020-12-23,344.1318054199219
2020-12-24,345.47052001953125
2020-12-28,348.4384155273437
2020-12-29,347.7737121582031
2020-12-30,348.2699279785156
2020-12-31,350.0393981933594
2021-01-04,345.2740173339844
2021-01-05,347.6520690917969
2021-01-06,349.7303771972656
2021-01-07,354.9265441894531
2021-01-08,356.94879150390625
2021-01-11,354.5426940917969
2021-01-12,354.6175842285156
2021-01-13,355.5726013183594
2021-01-14,354.3272705078125
2021-01-15,351.7433776855469
2021-01-19,354.50518798828125
2021-01-20,359.4111633300781
2021-01-21,359.7388000488281
2021-01-22,358.46551513671875
2021-01-25,359.8792724609375
2021-01-26,359.3174743652344
2021-01-27,350.5356140136719
2021-01-28,353.55029296875
2021-01-29,346.472412109375
2021-02-01,352.2395935058594
2021-02-02,357.2203674316406
2021-02-03,357.5012512207031
2021-02-04,361.5644226074219
2021-02-05,362.9875183105469
2021-02-08,365.6089782714844
2021-02-09,365.3655700683594
2021-02-10,365.2064208984375
2021-02-11,365.7962341308594
2021-02-12,367.603271484375
2021-02-16,367.2848205566406
2021-02-17,367.3691101074219
2021-02-18,365.80560302734375
2021-02-19,365.1596374511719
2021-02-22,362.3509216308594
2021-02-23,362.7909851074219
2021-02-24,366.7886962890625
2021-02-25,357.9506225585937
2021-02-26,356.10614013671875
2021-03-01,364.73828125
2021-03-02,361.89208984375
2021-03-03,357.0986633300781
2021-03-04,352.6796264648437
2021-03-05,359.167724609375
2021-03-08,357.3795471191406
2021-03-09,362.4819946289063
2021-03-10,364.73828125
2021-03-11,368.43646240234375
2021-03-12,368.9326171875
2021-03-15,371.1328125
2021-03-16,370.6647338867188
2021-03-17,371.9285888671875
2021-03-18,366.5171203613281
2021-03-19,365.8390502929688
2021-03-22,368.7601623535156
2021-03-23,365.8576965332031
2021-03-24,363.9979248046875
2021-03-25,366.045654296875
2021-03-26,371.9444274902344
2021-03-29,371.756591796875
2021-03-30,370.7703247070313
2021-03-31,372.2731628417969
2021-04-01,376.2934265136719
2021-04-05,381.6943054199219
2021-04-06,381.4688720703125
2021-04-07,381.9103698730469
2021-04-08,383.7233581542969
2021-04-09,386.5130615234375
2021-04-12,386.6539001464844
2021-04-13,387.7998352050781
2021-04-14,386.4754028320313
2021-04-15,390.6271667480469
2021-04-16,391.9328002929688
2021-04-19,390.0072326660156
2021-04-20,387.1517639160156
2021-04-21,390.8149719238281
2021-04-22,387.24560546875
2021-04-23,391.4442443847656
2021-04-26,392.2615051269531
2021-04-27,392.1769714355469
2021-04-28,392.0642700195313
2021-04-29,394.562744140625
2021-04-30,391.9702758789063
2021-05-03,392.8157653808594
2021-05-04,390.3923034667969
2021-05-05,390.5144348144531
2021-05-06,393.6328430175781
2021-05-07,396.4977416992188
2021-05-10,392.5714721679688
2021-05-11,389.06787109375
2021-05-12,380.8020324707031
2021-05-13,385.3764343261719
2021-05-14,391.29400634765625
2021-05-17,390.2983093261719
2021-05-18,386.9357299804688
2021-05-19,385.9212341308594
2021-05-20,390.0729370117188
2021-05-21,389.7535705566406
2021-05-24,393.726806640625
2021-05-25,392.8532409667969
2021-05-26,393.6328430175781
2021-05-27,393.8395385742188
2021-05-28,394.5440673828125
2021-06-01,394.1964416503906
2021-06-02,394.81640625
2021-06-03,393.35107421875
2021-06-04,396.9486083984375
2021-06-07,396.5635070800781
2021-06-08,396.6481018066406
2021-06-09,396.0563049316406
2021-06-10,397.8973083496094
2021-06-11,398.5548400878906
2021-06-14,399.4472961425781
2021-06-15,398.7145385742188
2021-06-16,396.48834228515625
2021-06-17,396.3568420410156
2021-06-18,391.0098876953125
2021-06-21,396.6075439453125
2021-06-22,398.7278442382813
2021-06-23,398.2472534179688
2021-06-24,400.603271484375
2021-06-25,402.026123046875
2021-06-28,402.8367004394531
2021-06-29,403.0533447265625
2021-06-30,403.39263916015625
2021-07-01,405.6260681152344
2021-07-02,408.72650146484375
2021-07-06,407.9819946289063
2021-07-07,409.4238586425781
2021-07-08,406.0879211425781
2021-07-09,410.4227600097656
2021-07-12,411.8928527832031
2021-07-13,410.48870849609375
2021-07-14,411.1011962890625
2021-07-15,409.6970520019531
2021-07-16,406.4835510253906
2021-07-19,400.480712890625
2021-07-20,406.2197265625
2021-07-21,409.50872802734375
2021-07-22,410.3661804199219
2021-07-23,414.5880126953125
2021-07-26,415.6058349609375
2021-07-27,413.7116088867188
2021-07-28,413.5419616699219
2021-07-29,415.2571411132813
2021-07-30,413.2404174804688
2021-08-02,412.37347412109375
2021-08-03,415.7283020019531
2021-08-04,413.6832580566406
2021-08-05,416.3032836914063
2021-08-06,416.9911193847656
2021-08-09,416.6517639160156
2021-08-10,417.170166015625
2021-08-11,418.2066955566406
2021-08-12,419.4600524902344
2021-08-13,420.2234497070313
2021-08-16,421.2129821777344
2021-08-17,418.4517517089844
2021-08-18,413.871826171875
2021-08-19,414.5126037597656
2021-08-20,417.8110046386719
2021-08-23,421.4862976074219
2021-08-24,422.15533447265625
2021-08-25,423.0411682128906
2021-08-26,420.54388427734375
2021-08-27,424.3039245605469
2021-08-30,426.1697387695313
2021-08-31,425.5384216308594
2021-09-01,425.76458740234375
2021-09-02,427.0744934082031
2021-09-03,426.9707946777344
2021-09-07,425.4441833496094
2021-09-08,424.9259338378906
2021-09-09,423.1071166992188
2021-09-10,419.7710876464844
2021-09-13,420.8453979492188
2021-09-14,418.57427978515625
2021-09-15,422.0704956054688
2021-09-16,421.4013977050781
2021-09-17,417.2964782714844
2021-09-20,410.33837890625
2021-09-21,409.9507751464844
2021-09-22,413.9497985839844
2021-09-23,418.9793090820313
2021-09-24,419.6695251464844
2021-09-27,418.4688415527344
2021-09-28,410.035888671875
2021-09-29,410.7261047363281
2021-09-30,405.7059631347656
2021-10-01,410.5275268554688
2021-10-04,405.23333740234375
2021-10-05,409.4497680664063
2021-10-06,411.1514892578125
2021-10-07,414.70611572265625
2021-10-08,413.9497985839844
2021-10-11,410.9529113769531
2021-10-12,409.9413146972656
2021-10-13,411.4161987304688
2021-10-14,418.3364562988281
2021-10-15,421.52239990234375
2021-10-18,422.7703552246094
2021-10-19,426.0319519042969
2021-10-20,427.7052917480469
2021-10-21,428.8208923339844
2021-10-22,428.37646484375
2021-10-25,430.6737976074219
2021-10-26,431.06146240234375
2021-10-27,429.1517333984375
2021-10-28,433.2925720214844
2021-10-29,434.17181396484375
2021-11-01,434.9186706542969
2021-11-02,436.6770324707031
2021-11-03,439.3431396484375
2021-11-04,441.4134521484375
2021-11-05,442.9450988769531
2021-11-08,443.32318115234375
2021-11-09,441.85784912109375
2021-11-10,438.30316162109375
2021-11-11,438.4448852539063
2021-11-12,441.75384521484375
2021-11-15,441.9051208496094
2021-11-16,443.654052734375
2021-11-17,442.5763854980469
2021-11-18,444.0794982910156
2021-11-19,443.2853393554688
2021-11-22,442.0375061035156
2021-11-23,442.6235961914063
2021-11-24,443.8053283691406
2021-11-26,433.9070434570313
2021-11-29,439.22955322265625
2021-11-30,430.683349609375
2021-12-01,425.8995971679688
2021-12-02,432.42279052734375
2021-12-03,428.66015625
2021-12-06,433.7368774414063
2021-12-07,442.7087707519531
2021-12-08,443.8809814453125
2021-12-09,440.8840942382813
2021-12-10,445.0343322753906
2021-12-13,441.0921020507813
2021-12-14,438.0573120117188
2021-12-15,444.9019775390625
2021-12-16,440.9785461425781
2021-12-17,436.2852478027344
2021-12-20,431.6461181640625
2021-12-21,439.311767578125
2021-12-22,443.7042846679688
2021-12-23,446.4650573730469
2021-12-27,452.783447265625
2021-12-28,452.4134521484375
2021-12-29,452.9921569824219
2021-12-30,451.7398986816406
2021-12-31,450.6014404296875
2022-01-03,453.21038818359375
2022-01-04,453.05859375
2022-01-05,444.3588562011719
2022-01-06,443.94146728515625
2022-01-07,442.1863098144531
2022-01-10,441.6361083984375
2022-01-11,445.65863037109375
2022-01-12,446.8634948730469
2022-01-13,440.706298828125
2022-01-14,440.8866271972656
2022-01-18,433.0786743164063
2022-01-19,428.581787109375
2022-01-20,423.8381652832031
2022-01-21,415.5179748535156
2022-01-24,417.2825622558594
2022-01-25,412.1880798339844
2022-01-26,411.1538391113281
2022-01-27,409.1235961914063
2022-01-28,419.2843627929688
2022-01-31,426.8361511230469
2022-02-01,429.7202453613281
2022-02-02,433.8945617675781
2022-02-03,423.6959228515625
2022-02-04,425.6882019042969
2022-02-07,424.3220825195313
2022-02-08,427.81341552734375
2022-02-09,434.0748291015625
2022-02-10,426.27642822265625
2022-02-11,417.8708190917969
2022-02-14,416.5046081542969
2022-02-15,423.2215576171875
2022-02-16,423.6959228515625
2022-02-17,414.6451110839844
2022-02-18,411.9603271484375
2022-02-22,407.539306640625
2022-02-23,400.3101196289063
2022-02-24,406.33447265625
2022-02-25,415.2998046875
2022-02-28,414.2372131347656
2022-03-01,407.9282531738281
2022-03-02,415.4325866699219
2022-03-03,413.3643493652344
2022-03-04,410.0059509277344
2022-03-07,397.9193420410156
2022-03-08,394.90234375
2022-03-09,405.4900512695313
2022-03-10,403.6590576171875
2022-03-11,398.5264892578125
2022-03-14,395.6139526367188
2022-03-15,404.3135986328125
2022-03-16,413.279052734375
2022-03-17,418.4495544433594
2022-03-18,423.03265380859375
2022-03-21,422.9089660644531
2022-03-22,427.8576354980469
2022-03-23,422.3474426269531
2022-03-24,428.7141418457031
2022-03-25,430.8077697753906
2022-03-28,433.87213134765625
2022-03-29,439.239501953125
2022-03-30,436.5272521972656
2022-03-31,429.80859375
2022-04-01,431.0267028808594
2022-04-04,434.71917724609375
2022-04-05,429.22796630859375
2022-04-06,424.9360656738281
2022-04-07,427.0772705078125
2022-04-08,425.935302734375
2022-04-11,418.655029296875
2022-04-12,417.1038513183594
2022-04-13,421.8812255859375
2022-04-14,416.6280212402344
2022-04-18,416.7993469238281
2022-04-19,423.5275268554688
2022-04-20,423.2134704589844
2022-04-21,416.8849487304688
2022-04-22,405.4459838867188
2022-04-25,407.796630859375
2022-04-26,395.9865417480469
2022-04-27,397.0999450683594
2022-04-28,407.1304321289063
2022-04-29,392.0846557617188
2022-05-02,394.4448547363281
2022-05-03,396.2528991699219
2022-05-04,408.3200378417969
2022-05-05,393.8071594238281
2022-05-06,391.4565734863281
2022-05-09,378.9232177734375
2022-05-10,379.7986755371094
2022-05-11,373.7651672363281
2022-05-12,373.375
2022-05-13,382.3016052246094
2022-05-16,380.7503662109375
2022-05-17,388.5826110839844
2022-05-18,372.9181823730469
2022-05-19,370.6341857910156
2022-05-20,370.79595947265625
2022-05-23,377.7335815429688
2022-05-24,374.85009765625
2022-05-25,378.161865234375
2022-05-26,385.718017578125
2022-05-27,395.1870727539063
2022-05-31,392.9696960449219
2022-06-01,389.7911682128906
2022-06-02,397.214111328125
2022-06-03,390.69525146484375
2022-06-06,391.884765625
2022-06-07,395.6438293457031
2022-06-08,391.3423461914063
2022-06-09,382.0351257324219
2022-06-10,370.9577331542969
2022-06-13,356.8731994628906
2022-06-14,355.7978210449219
2022-06-15,360.8701171875
2022-06-16,348.9267578125
2022-06-17,349.6789855957031
2022-06-21,358.4816589355469
2022-06-22,357.8318176269531
2022-06-23,361.3394470214844
2022-06-24,372.8278198242188
2022-06-27,371.4037170410156
2022-06-28,363.8148498535156
2022-06-29,363.5185546875
2022-06-30,360.5651550292969
2022-07-01,364.3787841796875
2022-07-05,365.06689453125
2022-07-06,366.29986572265625
2022-07-07,371.7860107421875
2022-07-08,371.480224609375
2022-07-11,367.236572265625
2022-07-12,363.9869384765625
2022-07-13,362.0753784179688
2022-07-14,361.196044921875
2022-07-15,368.0968017578125
2022-07-18,365.0574340820313
2022-07-19,374.9209289550781
2022-07-20,377.3103332519531
2022-07-21,381.1526489257813
2022-07-22,377.6161804199219
2022-07-25,378.0749816894531
2022-07-26,373.60198974609375
2022-07-27,383.3031005859375
2022-07-28,388.1106567382813
2022-07-29,393.768798828125
2022-08-01,392.602783203125
2022-08-02,390.0126037597656
2022-08-03,396.1199951171875
2022-08-04,395.8524169921875
2022-08-05,395.1833190917969
2022-08-08,394.7245788574219
2022-08-09,393.1571044921875
2022-08-10,401.4149475097656
2022-08-11,401.4149475097656
2022-08-12,408.2105102539063
2022-08-15,409.8926696777344
2022-08-16,410.695556640625
2022-08-17,407.7803649902344
2022-08-18,408.9656066894531
2022-08-19,403.4699096679688
2022-08-22,395.0686340332031
2022-08-23,394.1128540039063
2022-08-24,395.37445068359375
2022-08-25,400.9561767578125
2022-08-26,387.38421630859375
2022-08-29,384.8227844238281
2022-08-30,380.5982360839844
2022-08-31,377.7022705078125
2022-09-01,378.8874206542969
2022-09-02,374.8922729492188
2022-09-06,373.4777526855469
2022-09-07,380.187255859375
2022-09-08,382.6722717285156
2022-09-09,388.61712646484375
2022-09-12,392.7939147949219
2022-09-13,375.7142639160156
2022-09-14,377.1479187011719
2022-09-15,372.8660583496094
2022-09-16,370.021484375
2022-09-19,372.8909912109375
2022-09-20,368.6106872558594
2022-09-21,362.1807556152344
2022-09-22,359.13848876953125
2022-09-23,353.1212158203125
2022-09-26,349.6278686523437
2022-09-27,348.7353820800781
2022-09-28,355.5971984863281
2022-09-29,348.16912841796875
2022-09-30,342.7852783203125
2022-10-03,351.835205078125
2022-10-04,362.73736572265625
2022-10-05,361.8927917480469
2022-10-06,358.1596069335937
2022-10-07,348.16912841796875
2022-10-10,345.5107727050781
2022-10-11,343.3226318359375
2022-10-12,342.1901550292969
2022-10-13,351.220947265625
2022-10-14,343.2171325683594
2022-10-17,352.0367431640625
2022-10-18,356.1730041503906
2022-10-19,353.6490478515625
2022-10-20,350.6835632324219
2022-10-21,359.2057189941406
2022-10-24,363.60107421875
2022-10-25,369.40728759765625
2022-10-26,366.6241149902344
2022-10-27,364.6664123535156
2022-10-28,373.342041015625
2022-10-31,370.6452941894531
2022-11-01,369.02337646484375
2022-11-02,359.7622985839844
2022-11-03,356.05792236328125
2022-11-04,361.18267822265625
2022-11-07,364.6376037597656
2022-11-08,366.60491943359375
2022-11-09,359.0522155761719
2022-11-10,378.7835388183594
2022-11-11,382.4495849609375
2022-11-14,379.1961975097656
2022-11-15,382.4303283691406
2022-11-16,379.512939453125
2022-11-17,378.35162353515625
2022-11-18,380.0695495605469
2022-11-21,378.68756103515625
2022-11-22,383.7835388183594
2022-11-23,386.2020263671875
2022-11-25,386.11572265625
2022-11-28,379.954345703125
2022-11-29,379.3017883300781
2022-11-30,391.2499694824219
2022-12-01,390.962158203125
2022-12-02,390.5111083984375
2022-12-05,383.4860534667969
2022-12-06,377.9581909179688
2022-12-07,377.315185546875
2022-12-08,380.2710571289063
2022-12-09,377.4303283691406
2022-12-12,382.871826171875
2022-12-13,385.7702026367188
2022-12-14,383.3037414550781
2022-12-15,373.927490234375
2022-12-16,369.5128479003906
2022-12-19,366.3794555664063
2022-12-20,366.8807678222656
2022-12-21,372.3666076660156
2022-12-22,367.0543518066406
2022-12-23,369.1657409667969
2022-12-27,367.7099609375
2022-12-28,363.14007568359375
2022-12-29,369.6767578125
2022-12-30,368.7030334472656
2023-01-03,367.15081787109375
2023-01-04,369.9852294921875
2023-01-05,365.7624206542969
2023-01-06,374.150146484375
2023-01-09,373.9381103515625
2023-01-10,376.5604553222656
2023-01-11,381.3231506347656
2023-01-12,382.71142578125
2023-01-13,384.1961364746094
2023-01-17,383.4923706054688
2023-01-18,377.4378356933594
2023-01-19,374.6900939941406
2023-01-20,381.6702270507813
2023-01-23,386.2496948242188
2023-01-24,385.8351745605469
2023-01-25,385.9797668457031
2023-01-26,390.2217712402344
2023-01-27,391.118408203125
2023-01-30,386.2111206054688
2023-01-31,391.8897399902344
2023-02-01,396.05462646484375
2023-02-02,401.8200073242188
2023-02-03,397.5490112304688
2023-02-06,395.1194458007813
2023-02-07,400.28704833984375
2023-02-08,395.9100341796875
2023-02-09,392.4778137207031
2023-02-10,393.3937377929688
2023-02-13,398.0117492675781
2023-02-14,397.82861328125
2023-02-15,399.12054443359375
2023-02-16,393.6251525878906
2023-02-17,392.6417846679688
2023-02-21,384.7650146484375
2023-02-22,384.2347106933594
2023-02-23,386.2786865234375
2023-02-24,382.1523132324219
2023-02-27,383.4537963867188
2023-02-28,382.03656005859375
2023-03-01,380.5711364746094
2023-03-02,383.5309143066406
2023-03-03,389.6819152832031
2023-03-06,389.9518432617188
2023-03-07,383.9743347167969
2023-03-08,384.6011047363281
2023-03-09,377.5052490234375
2023-03-10,372.05804443359375
2023-03-13,371.5278015136719
2023-03-14,377.669189453125
2023-03-15,375.3070983886719
2023-03-16,381.8919372558594
2023-03-17,377.4266357421875
2023-03-20,381.0557556152344
2023-03-21,386.0592346191406
2023-03-22,379.4783020019531
2023-03-23,380.504150390625
2023-03-24,383.0010681152344
2023-03-27,383.7171630859375
2023-03-28,382.85589599609375
2023-03-29,388.4206848144531
2023-03-30,390.6949768066406
2023-03-31,396.2016296386719
2023-04-03,397.71142578125
2023-04-04,395.50482177734375
2023-04-05,394.4693298339844
2023-04-06,396.008056640625
2023-04-10,396.4145202636719
2023-04-11,396.52099609375
2023-04-12,394.9048156738281
2023-04-13,400.150146484375
2023-04-14,399.1727294921875
2023-04-17,400.6050720214844
2023-04-18,400.8663330078125
2023-04-19,400.798583984375
2023-04-20,398.6114501953125
2023-04-21,398.9210815429688
2023-04-24,399.3372497558594
2023-04-25,392.9982604980469
2023-04-26,391.3336486816406
2023-04-27,399.1243591308594
2023-04-28,402.5309753417969
2023-05-01,402.12445068359375
2023-05-02,397.6048889160156
2023-05-03,394.8757629394531
2023-05-04,392.0788879394531
2023-05-05,399.3372497558594
2023-05-08,399.4436950683594
2023-05-09,397.6919860839844
2023-05-10,399.5502014160156
2023-05-11,398.8533630371094
2023-05-12,398.3307189941406
2023-05-15,399.7049560546875
2023-05-16,397.033935546875
2023-05-17,401.8535461425781
2023-05-18,405.7246398925781
2023-05-19,405.13427734375
2023-05-22,405.2987976074219
2023-05-23,400.750244140625
2023-05-24,397.8468933105469
2023-05-25,401.2922058105469
2023-05-26,406.4891662597656
2023-05-30,406.64404296875
2023-05-31,404.3891296386719
2023-06-01,408.2312622070313
2023-06-02,414.13470458984375
2023-06-05,413.3411560058594
2023-06-06,414.24114990234375
2023-06-07,412.8087768554688
2023-06-08,415.3056945800781
2023-06-09,416.0509033203125
2023-06-12,419.82525634765625
2023-06-13,422.5931396484375
2023-06-14,423.0964050292969
2023-06-15,428.34173583984375
2023-06-16,426.8827209472656
2023-06-20,424.66802978515625
2023-06-21,422.4921569824219
2023-06-22,424.0172119140625
2023-06-23,420.8116455078125
2023-06-26,419.0923156738281
2023-06-27,423.6869201660156
2023-06-28,423.900634765625
2023-06-29,425.57135009765625
2023-06-30,430.5934448242188
2023-07-03,431.0888366699219
2023-07-05,430.4477233886719
2023-07-06,427.0770568847656
2023-07-07,425.998779296875
2023-07-10,427.0770568847656
2023-07-11,429.7969055175781
2023-07-12,433.2550048828125
2023-07-13,436.6936950683594
2023-07-14,436.4217224121094
2023-07-17,437.9370422363281
2023-07-18,441.1912536621094
2023-07-19,442.17230224609375
2023-07-20,439.23870849609375
2023-07-21,439.23870849609375
2023-07-24,441.2009582519531
2023-07-25,442.4053955078125
2023-07-26,442.473388671875
2023-07-27,439.539794921875
2023-07-28,443.8430786132813
2023-07-31,444.6881713867188
2023-08-01,443.4157104492188
2023-08-02,437.2474060058594
2023-08-03,435.9943542480469
2023-08-04,434.02239990234375
2023-08-07,437.810791015625
2023-08-08,435.9069213867188
2023-08-09,432.9927673339844
2023-08-10,433.1481628417969
2023-08-11,432.8955993652344
2023-08-14,435.28521728515625
2023-08-15,430.2146301269531
2023-08-16,427.0576171875
2023-08-17,423.8035278320313
2023-08-18,424.0074768066406
2023-08-21,426.7662048339844
2023-08-22,425.6102294921875
2023-08-23,430.3505859375
2023-08-24,424.3863525390625
2023-08-25,427.378173828125
2023-08-28,430.08831787109375
2023-08-29,436.3051452636719
2023-08-30,438.1022033691406
2023-08-31,437.4610900878906
2023-09-01,438.2770385742188
2023-09-05,436.3829040527344
2023-09-06,433.44927978515625
2023-09-07,432.1184692382813
2023-09-08,432.769287109375
2023-09-11,435.615478515625
2023-09-12,433.2258911132813
2023-09-13,433.7309875488281
2023-09-14,437.4707946777344
2023-09-15,432.2000427246094
2023-09-18,432.4534301757813
2023-09-19,431.556640625
2023-09-20,427.5892028808594
2023-09-21,420.5218505859375
2023-09-22,419.5762939453125
2023-09-25,421.3406982421875
2023-09-26,415.1506652832031
2023-09-27,415.31634521484375
2023-09-28,417.72412109375
2023-09-29,416.7103576660156
2023-10-02,416.5446166992188
2023-10-03,410.9687194824219
2023-10-04,413.9613952636719
2023-10-05,413.8054809570313
2023-10-06,418.718505859375
2023-10-09,421.399169921875
2023-10-10,423.592529296875
2023-10-11,425.32763671875
2023-10-12,422.7346801757813
2023-10-13,420.6290588378906
2023-10-16,425.0546875
2023-10-17,425.0351867675781
2023-10-18,419.3715515136719
2023-10-19,415.686767578125
2023-10-20,410.5787658691406
2023-10-23,409.8672180175781
2023-10-24,412.9573364257813
2023-10-25,407.030517578125
2023-10-26,402.1564636230469
2023-10-27,400.3335876464844
2023-10-30,405.1198425292969
2023-10-31,407.6641845703125
2023-11-01,412.01177978515625
2023-11-02,419.90771484375
2023-11-03,423.7387390136719
2023-11-06,424.7135009765625
2023-11-07,425.9222106933594
2023-11-08,426.2341918945313
2023-11-09,422.91015625
2023-11-10,429.5094909667969
2023-11-13,429.1001281738281
2023-11-14,437.4249572753906
2023-11-15,438.3510437011719
2023-11-16,438.8871765136719
2023-11-17,439.4330749511719
2023-11-20,442.815673828125
2023-11-21,441.8505859375
2023-11-22,443.5565185546875
2023-11-24,443.8294372558594
2023-11-27,443.0301208496094
2023-11-28,443.4687805175781
2023-11-29,443.1568908691406
2023-11-30,444.9017333984375
2023-12-01,447.5337219238281
2023-12-04,445.1844177246094
2023-12-05,445.0967102050781
2023-12-06,443.3031005859375
2023-12-07,446.6856384277344
2023-12-08,448.6060180664063
2023-12-11,450.3509216308594
2023-12-12,452.4078063964844
2023-12-13,458.64654541015625
2023-12-14,460.1184997558594
2023-12-15,459.3609313964844
2023-12-18,461.9448852539063
2023-12-19,464.7538757324219
2023-12-20,458.3136596679688
2023-12-21,462.6593627929688
2023-12-22,463.5891723632813
2023-12-26,465.5466613769531
2023-12-27,466.3883972167969
2023-12-28,466.5645751953125
2023-12-29,465.2138671875
2024-01-02,462.61041259765625
2024-01-03,458.8323974609375
2024-01-04,457.3544921875
2024-01-05,457.98089599609375
2024-01-08,464.5190124511719
2024-01-09,463.8143005371094
2024-01-10,466.4373474121094
2024-01-11,466.2317504882813
2024-01-12,466.5547790527344
2024-01-16,464.8419494628906
2024-01-17,462.258056640625
2024-01-18,466.3688049316406
2024-01-19,472.1826477050781
2024-01-22,473.1810302734375
2024-01-23,474.56103515625
2024-01-24,475.0797729492188
2024-01-25,477.6636962890625
2024-01-26,477.056884765625
2024-01-29,480.8348693847656
2024-01-30,480.46295166015625
2024-01-31,472.62310791015625
2024-02-01,478.8088684082031
2024-02-02,483.8494873046875
2024-02-05,482.0876770019531
2024-02-06,483.4873046875
2024-02-07,487.5198059082031
2024-02-08,487.7351684570313
2024-02-09,490.5539855957031
2024-02-12,490.3386535644531
2024-02-13,483.585205078125
2024-02-14,487.9798583984375
2024-02-15,491.34674072265625
2024-02-16,488.89990234375
2024-02-20,486.208251953125
2024-02-21,486.6487426757813
2024-02-22,496.72015380859375
2024-02-23,497.0627136230469
2024-02-26,495.2422180175781
2024-02-27,496.1622619628906
2024-02-28,495.5065307617188
2024-02-29,497.2878112792969
2024-03-01,501.95648193359375
2024-03-04,501.4181518554688
2024-03-05,496.4068908691406
2024-03-06,498.9223327636719
2024-03-07,503.8749084472656
2024-03-08,500.8505554199219
2024-03-11,500.41986083984375
2024-03-12,505.8030090332031
2024-03-13,505.01019287109375
2024-03-14,504.011962890625
2024-03-15,500.551025390625
2024-03-18,503.5259094238281
2024-03-19,506.3240966796875
2024-03-20,511.0072326660156
2024-03-21,512.6958618164062
2024-03-22,511.7239379882813
2024-03-25,510.3101806640625
2024-03-26,509.3675842285156
2024-03-27,513.6482543945312
2024-03-28,513.5501708984375
2024-04-01,512.6566162109375
2024-04-02,509.3971862792969
2024-04-03,509.9566650390625
2024-04-04,503.7321166992188
2024-04-05,508.9944763183594
2024-04-08,509.27923583984375
2024-04-09,509.8684387207031
2024-04-10,504.7629699707031
2024-04-11,508.5724182128906
2024-04-12,501.5525207519531
2024-04-15,495.2690124511719
2024-04-16,494.3657531738281
2024-04-17,491.43994140625
2024-04-18,490.4287414550781
2024-04-19,486.1480712890625
2024-04-22,490.62506103515625
2024-04-23,496.4471130371094
2024-04-24,496.2114868164063
2024-04-25,494.3264770507813
2024-04-26,499.0096740722656
2024-04-29,500.7768859863281
2024-04-30,492.8439331054688
2024-05-01,491.2436218261719
2024-05-02,495.8384094238281
2024-05-03,501.9844970703125
2024-05-06,507.1684265136719
2024-05-07,507.72802734375
2024-05-08,507.7770690917969
2024-05-09,510.7029113769531
2024-05-10,511.36077880859375
2024-05-13,511.4294128417969
2024-05-14,513.7759399414062
2024-05-15,520.1380615234375
2024-05-16,519.0678100585938
2024-05-17,519.81396484375
2024-05-20,520.412841796875
2024-05-21,521.6892700195312
2024-05-22,520.18701171875
2024-05-23,516.3875122070312
2024-05-24,519.8041381835938
2024-05-28,520.1673583984375
2024-05-29,516.52490234375
2024-05-30,513.0985107421875
2024-05-31,517.7718505859375
2024-06-03,518.1940307617188
2024-06-04,518.773193359375
2024-06-05,524.93896484375
2024-06-06,524.9291381835938
2024-06-07,524.2910766601562
2024-06-10,525.910888671875
2024-06-11,527.177490234375
2024-06-12,531.5072631835938
2024-06-13,532.5774536132812
2024-06-14,532.9013671875
2024-06-17,537.1426391601562
2024-06-18,538.5074462890625
2024-06-20,537.0446166992188
2024-06-21,536.3245239257812
2024-06-24,534.5811767578125
2024-06-25,536.6397705078125
2024-06-26,537.3095703125
2024-06-27,538.1566162109375
2024-06-28,536.0388793945312
2024-07-01,537.1420288085938
2024-07-02,540.7568969726562
2024-07-03,543.170166015625
2024-07-05,546.3023071289062
2024-07-08,546.9327392578125
2024-07-09,547.464599609375
2024-07-10,552.8818969726562
2024-07-11,548.1145629882812
2024-07-12,551.5718383789062
2024-07-15,553.0886840820312
2024-07-16,556.3685913085938
2024-07-17,548.5676879882812
2024-07-18,544.35205078125
2024-07-19,540.7371826171875
2024-07-22,546.3121948242188
2024-07-23,545.4552001953125
2024-07-24,533.0938110351562
2024-07-25,530.3162231445312
2024-07-26,536.255615234375
2024-07-29,536.57080078125
2024-07-30,533.852294921875
2024-07-31,542.5298461914062
2024-08-01,534.84716796875
2024-08-02,524.8890991210938
2024-08-05,509.6024169921875
2024-08-06,514.30078125
2024-08-07,510.8631896972656
2024-08-08,522.6729736328125
2024-08-09,524.9777221679688
2024-08-12,525.2536010742188
2024-08-13,533.8916625976562
2024-08-14,535.5759887695312
2024-08-15,544.7559204101562
2024-08-16,545.977294921875
2024-08-19,551.197509765625
2024-08-20,550.30126953125
2024-08-21,552.1923828125
2024-08-22,547.8585205078125
2024-08-23,553.6796264648438
2024-08-26,552.3598022460938
2024-08-27,553.1182861328125
2024-08-28,549.9072265625
2024-08-29,549.9564819335938
2024-08-30,555.2063598632812
2024-09-03,543.78076171875
2024-09-04,542.6677856445312
2024-09-05,541.3478393554688
2024-09-06,532.2369995117188
2024-09-09,538.1959838867188
2024-09-10,540.5401611328125
2024-09-11,546.0855712890625
2024-09-12,550.6853637695312
2024-09-13,553.5615234375
2024-09-16,554.3790283203125
2024-09-17,554.6055297851562
2024-09-18,552.960693359375
2024-09-19,562.3966674804688
2024-09-20,561.4244384765625
2024-09-23,562.827392578125
2024-09-24,564.4378051757812
2024-09-25,563.1929931640625
2024-09-26,565.42578125
2024-09-27,564.6057739257812
2024-09-30,566.8682861328125
2024-10-01,561.7900390625
2024-10-02,562.027099609375
2024-10-03,560.9996337890625
2024-10-04,566.09765625
2024-10-07,560.9798583984375
2024-10-08,566.2853393554688
2024-10-09,570.2077026367188
2024-10-10,569.2097778320312
2024-10-11,572.618408203125
2024-10-14,577.3014526367188
2024-10-15,572.8160400390625
2024-10-16,575.3057250976562
2024-10-17,575.3551025390625
2024-10-18,577.5681762695312
2024-10-21,576.6197509765625
2024-10-22,576.3134765625
2024-10-23,571.0474243164062
2024-10-24,572.282470703125
2024-10-25,572.0848388671875
2024-10-28,573.8533935546875
2024-10-29,574.7821655273438
2024-10-30,573.0432739257812
2024-10-31,561.809814453125
2024-11-01,564.180908203125
2024-11-04,562.9656982421875
2024-11-05,569.77294921875
2024-11-06,583.9407348632812
2024-11-07,588.455810546875
2024-11-08,591.0048217773438
2024-11-11,591.5679931640625
2024-11-12,589.7303466796875
2024-11-13,590.016845703125
2024-11-14,586.2229614257812
2024-11-15,578.7142333984375
2024-11-18,581.08544921875
2024-11-19,583.2095947265625
2024-11-20,583.4071655273438
2024-11-21,586.5390625
2024-11-22,588.3569946289062
2024-11-25,590.3528442382812
2024-11-26,593.435302734375
2024-11-27,591.6371459960938
2024-11-29,595.3124389648438
2024-12-02,596.3795166015625
2024-12-03,596.6561279296875
2024-12-04,600.3610229492188
2024-12-05,599.3731689453125
2024-12-06,600.50927734375
2024-12-09,597.4168701171875
2024-12-10,595.5594482421875
2024-12-11,600.1634521484375
2024-12-12,597.0711059570312
2024-12-13,596.9525146484375
2024-12-16,599.5015258789062
2024-12-17,597.0315551757812
2024-12-18,579.2379150390625
2024-12-19,579.0599975585938
2024-12-20,586.01513671875
2024-12-23,589.5243530273438
2024-12-24,596.076904296875
2024-12-26,596.11669921875
2024-12-27,589.8416137695312
2024-12-30,583.1105346679688
2024-12-31,580.9891357421875
2025-01-02,579.5616455078125
2025-01-03,586.8081665039062
2025-01-06,590.1885375976562
2025-01-07,583.5169677734375
2025-01-08,584.3695068359375
2025-01-10,575.4476928710938
2025-01-13,576.3399047851562
2025-01-14,577.1329345703125
2025-01-15,587.6309814453125
2025-01-16,586.5008544921875
2025-01-17,592.3892822265625
2025-01-21,597.811767578125
2025-01-22,601.1723022460938
2025-01-23,604.4535522460938
2025-01-24,602.68896484375
2025-01-27,594.1637573242188
2025-01-28,599.2689819335938
2025-01-29,596.5825805664062
2025-01-30,599.7844848632812
2025-01-31,596.5924072265625
2025-02-03,592.57763671875
2025-02-04,596.5527954101562
2025-02-05,598.9715576171875
2025-02-06,601.0533447265625
2025-02-07,595.5515747070312
2025-02-10,599.5960693359375
2025-02-11,600.0521850585938
2025-02-12,598.1190795898438
2025-02-13,604.4337158203125
2025-02-14,604.4039916992188
2025-02-18,606.1784057617188
2025-02-19,607.6058959960938
2025-02-20,605.078125
2025-02-21,594.728759765625
2025-02-24,592.0224609375
2025-02-25,589.0782470703125
2025-02-26,589.3756713867188
2025-02-27,579.9680786132812
2025-02-28,589.0187377929688
2025-03-03,578.69921875
2025-03-04,571.8493041992188
2025-03-05,577.995361328125
2025-03-06,567.7352905273438
2025-03-07,570.9173583984375
2025-03-10,555.710693359375
2025-03-11,551.0911254882812
2025-03-12,554.0155639648438
2025-03-13,546.6301879882812
2025-03-14,557.9212646484375
2025-03-17,562.2236328125
2025-03-18,556.1468505859375
2025-03-19,562.2037963867188
2025-03-20,560.5780029296875
2025-03-21,560.762939453125
2025-03-24,570.8053588867188
2025-03-25,572.177490234375
2025-03-26,565.3466796875
2025-03-27,563.8452758789062
2025-03-28,552.4904174804688
2025-03-31,556.1991577148438
2025-04-01,557.7700805664062
2025-04-02,561.2999267578125
2025-04-03,533.6385498046875
2025-04-04,502.3977966308594
2025-04-07,501.5029296875
2025-04-08,493.6480102539063
2025-04-09,545.4906005859375
2025-04-10,521.5877075195312
2025-04-11,530.894287109375
2025-04-14,536.0447387695312
2025-04-15,534.5433349609375
2025-04-16,522.6614990234375
2025-04-17,523.4072265625
2025-04-21,510.94873046875
2025-04-22,524.2424926757812
2025-04-23,532.3658447265625
2025-04-24,543.5715942382812
2025-04-25,547.4990844726562
2025-04-28,547.7078247070312
2025-04-29,551.1580810546875
2025-04-30,551.3768310546875
2025-05-01,555.2843627929688
2025-05-02,563.527099609375
2025-05-05,560.2955932617188
2025-05-06,555.6124877929688
2025-05-07,557.9490966796875
2025-05-08,561.8367919921875
2025-05-09,561.1209106445312
2025-05-12,579.66455078125
2025-05-13,583.4926147460938
2025-05-14,584.2383422851562
2025-05-15,587.0919189453125
2025-05-16,590.810546875
2025-05-19,591.4568481445312
2025-05-20,589.46826171875
2025-05-21,579.5352783203125
2025-05-22,579.7639770507812
2025-05-23,575.806640625
2025-05-27,587.7780151367188
2025-05-28,584.3775024414062
2025-05-29,586.6842651367188
2025-05-30,586.028076171875
2025-06-02,589.3291015625
2025-06-03,592.6898193359375
2025-06-04,592.5307006835938
2025-06-05,589.6671142578125
2025-06-06,595.722412109375
2025-06-09,596.2593383789062
2025-06-10,599.639892578125
2025-06-11,597.9297485351562
2025-06-12,600.3060913085938
2025-06-13,593.5946044921875
2025-06-16,599.2421875
2025-06-17,594.1216430664062
2025-06-18,594.0321044921875
2025-06-20,592.636962890625
2025-06-23,598.49072265625
2025-06-24,605.1024169921875
2025-06-25,605.4414672851562
2025-06-26,610.1783447265625
2025-06-27,613.2098999023438
2025-06-30,616.1417846679688
2025-07-01,615.9423828125
2025-07-02,618.734619140625
2025-07-03,623.611083984375
2025-07-07,618.9639892578125
2025-07-08,618.6249389648438
2025-07-09,622.3345947265625
2025-07-10,624.0897827148438
2025-07-11,621.8958129882812
2025-07-14,623.08251953125
2025-07-15,620.419921875
2025-07-16,622.494140625
2025-07-17,626.3035888671875
2025-07-18,625.8449096679688
2025-07-21,627.0316162109375
2025-07-22,627.121337890625
2025-07-23,632.4566040039062
2025-07-24,632.6659545898438
2025-07-25,635.3385620117188
2025-07-28,635.1790161132812
2025-07-29,633.503662109375
2025-07-30,632.7058715820312
2025-07-31,630.3324584960938
2025-08-01,620.0010375976562
2025-08-04,629.4249267578125
2025-08-05,626.2337646484375
2025-08-06,631.030517578125
2025-08-07,630.501953125
2025-08-08,635.4183349609375
2025-08-11,634.1618041992188
2025-08-12,640.9131469726562
2025-08-13,643.1070556640625
2025-08-14,643.1668701171875
2025-08-15,641.6610717773438
2025-08-18,641.5214233398438
2025-08-19,638.0410766601562
2025-08-20,636.3457641601562
2025-08-21,633.7928466796875
2025-08-22,643.52587890625
2025-08-25,640.6936645507812
2025-08-26,643.3762817382812
2025-08-27,644.8422241210938
2025-08-28,647.1258544921875
2025-08-29,643.2666015625
2025-09-02,638.4998168945312
2025-09-03,641.960205078125
2025-09-04,647.3253173828125
2025-09-05,645.4505004882812
2025-09-08,647.0361328125
2025-09-09,648.531982421875
2025-09-10,650.4067993164062
2025-09-11,655.8118286132812
2025-09-12,655.5924072265625
2025-09-15,659.0827026367188
2025-09-16,658.1752319335938
2025-09-17,657.3575439453125
2025-09-18,660.4290161132812
2025-09-19,663.7000122070312
2025-09-22,666.8400268554688
2025-09-23,663.2100219726562
2025-09-24,661.0999755859375
2025-09-25,658.0499877929688
2025-09-26,661.8200073242188
2025-09-29,663.6799926757812
2025-09-30,666.1799926757812
2025-10-01,668.4500122070312
2025-10-02,669.219970703125
2025-10-03,669.2100219726562
2025-10-06,671.6099853515625
2025-10-07,669.1199951171875
2025-10-08,673.1099853515625
2025-10-09,671.1599731445312
2025-10-10,653.02001953125
2025-10-13,663.0399780273438
2025-10-14,662.22998046875
2025-10-15,665.1699829101562
2025-10-16,660.6400146484375
2025-10-17,664.3900146484375
2025-10-20,671.2999877929688
2025-10-21,671.2899780273438
2025-10-22,667.7999877929688
2025-10-23,671.760009765625
2025-10-24,677.25
2025-10-27,685.239990234375
2025-10-28,687.0599975585938
2025-10-29,687.3900146484375
2025-10-30,679.8300170898438
2025-10-31,682.0599975585938
2025-11-03,683.3400268554688
2025-11-04,675.239990234375
2025-11-05,677.5800170898438
2025-11-06,670.3099975585938
2025-11-07,670.969970703125
2025-11-10,681.4400024414062
2025-11-11,683.0
2025-11-12,683.3800048828125
2025-11-13,672.0399780273438
2025-11-14,671.9299926757812
2025-11-17,665.6699829101562
2025-11-18,660.0800170898438
2025-11-19,662.6300048828125
2025-11-20,652.530029296875
2025-11-21,659.030029296875
2025-11-24,668.72998046875
2025-11-25,675.02001953125
2025-11-26,679.6799926757812
2025-11-28,683.3900146484375
2025-12-01,680.27001953125
2025-12-02,681.530029296875
2025-12-03,683.8900146484375
2025-12-04,684.3900146484375
2025-12-05,685.6900024414062
2025-12-08,683.6300048828125
2025-12-09,683.0399780273438
2025-12-10,687.5700073242188
2025-12-11,689.1699829101562
2025-12-12,681.760009765625
2025-12-15,680.72998046875
2025-12-16,678.8699951171875
2025-12-17,671.4000244140625
2025-12-18,676.469970703125
